id_set,nom_anglais,nom_français,gamme,image_ref,annee,nb_pieces,tranche_age,lien_amazon
10236,Ewok Village,Village Ewok,sw,https://www.lego.com/cdn/cs/set/assets/blte09e4b09bf5770a4/10236_alt1.jpg?format=webply&fit=bounds&quality=60&width=800&height=800&dpr=2,2013,1990,12+,https://www.amazon.fr/Lego-300590-Star-10236-Village/dp/B00EU7TW6W/ref=sr_1_2?__mk_fr_FR=%C3%85M%C3%85%C5%BD%C3%95%C3%91&dib=eyJ2IjoiMSJ9.xBpLknwRBcr132A4rdPPOKCM53rLR_IzaCf3Zr_g03Xs8dmcMDCAJ3UZEdTHxPDVj1cmo3I4PSLfSUQvWd5bxoau9Fg6qzBFGWtXkRzoD7tuEnkxGgzOdqdbs97E7pJeIWEc7FTaw_kDa89l-dSuU3ecINMGJ2ft8kXDikkVTmcfIWS95SMzT4zGNmOV2z20mfvHs1LdN_EjsVhV1tfhWA.Z-rO8TSnvFIJ7XDT7gACLPjJjjaNjppZngVYEMUCuvA&dib_tag=se&keywords=lego+10236&qid=1752268032&sr=8-2
10240,Red Five X-wing Starfighter,Chasseur Stellaire X-wing de  Red Cinq,sw,https://www.lego.com/cdn/cs/set/assets/blt5ebbbfc9f44b0cad/10240_alt1.jpg?format=webply&fit=bounds&quality=60&width=800&height=800&dpr=2,2013,1559,16+,https://www.amazon.fr/LEGO-Fighter-Squadron-machine-Overseas/dp/B00COM5ZNE/ref=sr_1_2?__mk_fr_FR=%C3%85M%C3%85%C5%BD%C3%95%C3%91&crid=3KUU5IINOWAZF&dib=eyJ2IjoiMSJ9.Bhhz2tsgw_f68W0k7IWjYYDL7f39vGuIe5tWo-jppam5-887HAr0BUnVhtM6yDKDjAzinkoDq1wlhid1cmzJQOtmGDVVb3IIlX--j6rywW8w2pWjqR01nCAtiwzeEmdOwQSxkUC_YgtgeoouHoeehPf2dlhiLD_gLC74vw3plHyPCcTvBGLw-bAIafNb6Eg3V6DSvRSyAvWlRQ4pbPh3iIU7NlY6v5mu1hzgxvEMQiPxf_wXrwP-jWsE-8gOxldBx_aIVit6iPbfcylW6gJRSyPJ9TG4ga66LOOEvy_xjy8.LhhKbekH5iMFgopUQNA2Cc9dtAT1RNsLtHLUkdqeNO0&dib_tag=se&keywords=lego+10240&qid=1750338929&sprefix=lego+10240%2Caps%2C106&sr=8-2
40557,Hoth Defense,La Défense de Hoth,sw,https://www.lego.com/cdn/cs/set/assets/blt3d4c03884f2f4a83/40557_Prod.png?format=webply&fit=bounds&quality=60&width=800&height=800&dpr=2,2022,64,6+,https://www.amazon.fr/LEGO-40558-Trooper-Station-commandement/dp/B09PKKY46S/ref=sr_1_1?__mk_fr_FR=%C3%85M%C3%85%C5%BD%C3%95%C3%91&crid=1URHXPQEC4UVV&dib=eyJ2IjoiMSJ9.bBpeTyZpexPrdcHCn9ZPseKOD4HO_Lk2gTh907IMRk1Ceiq7tvuElScB6vcWucVY-NtFQXRxZ6T1pIfejIrPWNhjVTOypVOXY2CO-QfrxLwWSaifcSfxqH6GbIFN73syaxrDTM1SgKSGLg945_33pJ2FUi7K7gTZbcRWum8uWUjdgghKfPINMB2OupjgSWkAnPE7DnKIzErtELQi5Uq7N31qs9dZ6Cykjg8FSS_mgwIhpkDc9NuukbL_tt_Ai54803Y3Mei8ScmwMqLRxHE4TVH1X-4Y0jKehOeeDPjLp0QsE6GB2al1llgfNWZA3nN6LfzlRs797_HwrsOtWSe01EGCgC9urAlYbiMUrCfbf6mWoAWxm6VKdpHJFi3Cr7dMPzYmEPvpLHdqtAM7d8w3bXr2CsJtG4yssXA-kyvJY2JZLIdHv1P59oF5jG4PlRZU._1fP5Q4ZufvAXexAcc5y-qiXxW4w6x0GKnSQOHhN18U&dib_tag=se&keywords=lego+40558&qid=1740505265&sprefix=lego+40558%2Caps%2C77&sr=8-1
40558,The Command Post of Clone Troopers,Le Poste de Commandement des Soldats Clones,sw,https://www.lego.com/cdn/cs/set/assets/blt35a770b4feabf626/40558.png?format=webply&fit=bounds&quality=60&width=800&height=800&dpr=2,2022,66,6+,https://www.amazon.fr/LEGO-Star-Defence-Blister-40557/dp/B09PKKQB9X/ref=sr_1_2?__mk_fr_FR=%C3%85M%C3%85%C5%BD%C3%95%C3%91&crid=2V3FMUOCAYU4&dib=eyJ2IjoiMSJ9.D58fu3NdwistHpmzuYjMMvsfCSQSlnFjQNZqpDSvRl47NC2dKK9XKiWzlxJww489XEbdBm3xeYP4zhzwQSDtj6m55huucbdjOOQUkRzZHlojlkjxR7R3IeABZ6pFmMy6dg0vmfP2I9Q3xETpTdl4n1cTnnmDZI8LGPILGbKQmWy5AZIAdYmDV9Kdy5M7PG3pcH-aG9ro3xFK6ALITj4O8sk3m2CVXdPBtAtvPwmLAnTj0DhbpvNzpN-gBBdXwHEU19sxb_vroAjscgof2xv7zNBOzAp7iW-pg3XNWH7ODZI.bkhFA4XOeS79WIKNcN1y0u5Ebw0H3K60382l1zOJ4bs&dib_tag=se&keywords=lego+40557&qid=1750356573&sprefix=lego+40557%2Caps%2C95&sr=8-2
40686,Trade Federation Troop Carrier,Transporteur de Troupes de la Fédération du Commerce,sw,https://www.lego.com/cdn/cs/set/assets/blte7748e8d6b2bdb6e/40686_Box1_v39.png?format=webply&fit=bounds&quality=60&width=800&height=800&dpr=2,2024,262,10+,https://www.amazon.fr/LEGO-Star-25%C3%A8me-anniversaire-40686/dp/B0D33XFYPL/ref=sr_1_1?__mk_fr_FR=%C3%85M%C3%85%C5%BD%C3%95%C3%91&crid=3EG0KFPA0HT86&dib=eyJ2IjoiMSJ9.axUuceQ4Eky-Jc25PLZHWYSo3VredJUnfA8JWQB3G7TukeDYBi-C6Q4ueULx8WnPlsRiiOWV2YRuhklMA-M0JB7pVE-Z3qqXvols7zA5pi8gjFvyOcRn2FzMEju2TNC_WiNolUVoF9W797e4YNzoopNSa-glVFLXBiIVJ7ZtLvzvBny0QRtZ4Ev7Lk6yQVGIeS6eoMbDvOkQZ2qTRX7BJa7DE3aFW54Qw45Vj5Dh4rQ.GQx5yMFqMwuddZGU1_C7BHmJpabo0AEBMe75IrIByv0&dib_tag=se&keywords=lego+40686&qid=1740498616&sprefix=lego+40686%2Caps%2C75&sr=8-1
40755,Imperial Dropship vs. Rebel Scout Speeder,Le Vaisseau de Transport Impérial contre le Speeder des Éclaireurs Rebelles,sw,https://www.lego.com/cdn/cs/set/assets/bltb16c81437c0c53c9/40755_Box1_v39.png?format=webply&fit=bounds&quality=60&width=800&height=800&dpr=2,2024,383,8+,
75021,Republic Gunship,Cannonière de la République,sw,https://www.lego.com/cdn/cs/set/assets/blt3f2c63f7031634c9/75021_alt1.jpg?format=webply&fit=bounds&quality=60&width=800&height=800&dpr=2,2013,1175,9 - 14,https://www.amazon.fr/LEGO-Star-Wars-Construction-Republic/dp/B00B0IILHA/ref=sr_1_2?__mk_fr_FR=%C3%85M%C3%85%C5%BD%C3%95%C3%91&crid=1APVOK4E29SHA&dib=eyJ2IjoiMSJ9.AO5jGRVMC2N9yK45jqc-mjjkjSG9tUaHUeujh0a-AUmJjA--BJw5Zy0LMRbPVQGldgPtzxuhcO5jGqwPfz2qwIQXQf3Cz71HQdox5_X29K6DQP5LNnlZFzoLiS4z8DzEwy7ouXqUBrWyFkXujbnOdVAamr0PSEnSvMtjbes7vl4CVeCERanFIrEfYM7RhvyvaZDkVpx-z5CQ-h6w1czkyIo3QdsV9NmyTx2ka3J-VoAUnGkrz9PpD1HluTK9LYdlBzuIOIlIOvIDHYvuR8oPft_LDCt6uWsoFffGAOcrlio.Ug1P0e78xbBfkr0pqFSEjmcuLcX7Mhr1JI8F8lzqCYw&dib_tag=se&keywords=lego+75021&qid=1750329366&sprefix=lego+75021%2Caps%2C110&sr=8-2
75059,Sandcrawler,Sandcrawler,sw,https://www.lego.com/cdn/cs/set/assets/bltae06167459a15161/75059_alt1.jpg?format=webply&fit=bounds&quality=60&width=800&height=800&dpr=2,2014,3296,14+,https://www.amazon.fr/Lego-Star-Wars-Sandcrawler-Construction/dp/B0792S7F7M/ref=sr_1_2?__mk_fr_FR=%C3%85M%C3%85%C5%BD%C3%95%C3%91&crid=2NJ5J4B5SWWL7&dib=eyJ2IjoiMSJ9.ncdmdwdSUast-wPVkzXHcdthXTOG-Jv3VOd26rigbhMz_plUgCWBlulOULaisGyG6hkb-KGEuE0mGCRRqxhno94UUQ_DoPYFZWDDwH5oaEFqC-mMHctnw3Cmqwv6cwNeqsOEoEcgvD_JqVbCLy_Strp8GWOjSmUClemsiHFy86nT9l6OEcAjNJnYE183_ezN.n9meC3cmU8hxF5WnnaGO4DswRHa8GY2mEg9gvkm_Wj4&dib_tag=se&keywords=lego+75059&qid=1750330227&sprefix=lego+75059%2Caps%2C101&sr=8-2
75060,Slave I,Slave I (version de Boba Fett),sw,https://www.lego.com/cdn/cs/set/assets/bltee9619129bcd89d2/75060_alt1.jpg?format=webply&fit=bounds&quality=60&width=800&height=800&dpr=2,2015,1996,14+,https://www.amazon.fr/LEGO-Star-Wars-Slave-Toy/dp/B00NHQHX8G/ref=sr_1_2?__mk_fr_FR=%C3%85M%C3%85%C5%BD%C3%95%C3%91&crid=2O5XQPI9Z5S2I&dib=eyJ2IjoiMSJ9.0C-G7TCmTq22Ny-pD5aN8SR0IFHlndnCVRC0BwwJ4jh31WTihvWLB0M567XOJjNFL_o_e3LQfBvSNJg_BkhOu4ix86ngAiOPxPmWiCdGo-hXvs6h4NyAlU3HseZoun_7rGUB4zcFQRyn8BjsRDr0eUxCFvvHTYTck9p8VNpnqPb7mo_S1PiPjtT309Cdq_QoBmWKr61Fm2Fp5WRQl4oHI547Ejqi_RQ5zFIZvK0Hc2Ph-DTqubJgieAGB9vstlZl2bG5Y0_d6yUTVrt9Dr6CTJeMB5MAhg3Dko4KDOOuJRs.LjdzQnr7jRzkmu1YQ-RisWzyXc6sd0FWf7Hru-M0q7c&dib_tag=se&keywords=lego+75060&qid=1750333674&sprefix=lego+75060%2Caps%2C98&sr=8-2
75085,Hailfire Droid,Droïde Hailfire,sw,https://www.lego.com/cdn/cs/set/assets/blt2b50317159e1c495/75085_alt1.jpg?format=webply&fit=bounds&quality=60&width=800&height=800&dpr=2,2015,163,7 - 12,https://www.amazon.fr/Lego-75085-HelFire-Droid/dp/B00S7XUT12/ref=sr_1_2?__mk_fr_FR=%C3%85M%C3%85%C5%BD%C3%95%C3%91&crid=2HPXQ0Z2F4665&dib=eyJ2IjoiMSJ9.Kb5V1h9ibwPrq7ddgmqeEkdn4SKFOpvTp0iLfQ8Jc7Q.uOvFUCm26lWbem5ZdqRYyMRw2nOZEraGDFdP0IfHHj0&dib_tag=se&keywords=lego+75085&qid=1750334916&sprefix=lego+75085%2Caps%2C125&sr=8-2
75086,Battle Droid Troop Carrier,Transporteur de Droïdes de Combat,sw,https://www.lego.com/cdn/cs/set/assets/blte855ff5a9e5b2648/75086_alt1.jpg?format=webply&fit=bounds&quality=60&width=800&height=800&dpr=2,2015,565,8 - 14,https://www.amazon.fr/Lego-75086-Battle-Droid-Carrier/dp/B00SELELS4/ref=sr_1_1?__mk_fr_FR=%C3%85M%C3%85%C5%BD%C3%95%C3%91&crid=CO0I5NX6HZWL&dib=eyJ2IjoiMSJ9.qWId1OUdZT9pOwQ-yiKQbitMw-M_FTxrPY_6cFCJhGBoPQXSIhCQ4vdiqMTr80b476aInORNPUL9mZlI28XTTlUc-9e4EsQQoD9mJb_51z7gO0JnXxCSodeiuGLePvyS.GqC4VePJ-3VJJDh-kTvjRpbqFzTzaspnzsIrmM06FwY&dib_tag=se&keywords=lego+75086&qid=1750331773&sprefix=lego+75086%2Caps%2C111&sr=8-1
75089,Geonosis Troopers,Les Soldats de Géonosis,sw,https://www.lego.com/cdn/cs/set/assets/blt215def069af385fe/75089_alt1.jpg?format=webply&fit=bounds&quality=60&width=800&height=800&dpr=2,2015,105,6-12,
75092,Naboo Starfighter,Chasseur Stellaire de Naboo,sw,https://www.lego.com/cdn/cs/set/assets/blt1a26d8d4aea15f15/75092_alt1.jpg?format=webply&fit=bounds&quality=60&width=800&height=800&dpr=2,2015,442,8 - 14,https://www.amazon.fr/Lego-75092-Construction-Naboo-Starfighter/dp/B00SDTU97O/ref=sr_1_1?__mk_fr_FR=%C3%85M%C3%85%C5%BD%C3%95%C3%91&crid=3BIL7FEWN5S9P&dib=eyJ2IjoiMSJ9.SoqJHjUZu6llfr52nwFqVt23O5WObz9vmEIaTqh3-kOh4s_-i0fQGaUWIR-ZV-5JYU0-4vYDzwdcZu7j2-h_Ufm-vz0ekTRZmruwH_2xFW61DDga6IICvyYzyWO54th67eEnUH-3rQMa4VJ2nNt8-r6rsYXRbJ6LTr8E8VnuEwevbG5FrbgMyz8Ntom_130c.jLVdc1G2lQCfuxsHuChmYijeLX8F9JofIXIbM7la4gU&dib_tag=se&keywords=lego+75092&qid=1750335153&sprefix=lego+75092%2Caps%2C90&sr=8-1
75093,Death Star Final Duel,Le Duel Final dans l'Étoile de la Mort,sw,https://m.media-amazon.com/images/I/71Ie3Ai6fyL._AC_SL1500_.jpg,2015,724,8 - 14,https://www.amazon.fr/LEGO-Star-Wars-Construction-L%C3%A9toile/dp/B00SDTU4TW/ref=sr_1_2?__mk_fr_FR=%C3%85M%C3%85%C5%BD%C3%95%C3%91&crid=33KE4JXDKOX7C&dib=eyJ2IjoiMSJ9.hIEDk-c9DPQAYDvHn43JbBUSBoGpWUu1ANS-QmKhWhYFpedSWuqQ7csZcRjr7AF8tPbBXQuNFOnZdMZKKT3uLTzbanrILyLyo7mH8b2G5FR1XLw0_y7A9oXAhS6QvODgpWiTF6nv52rCjxSh3ldmuQ.qo8MnJvDGHmywjnFPWKnElpHaU0TZGEekWIsExJ6vog&dib_tag=se&keywords=lego+75093&qid=1750335444&sprefix=lego+75138%2Caps%2C158&sr=8-2
75094,Imperial Shuttle Tydirium,La Navette Impériale Tydirium,sw,https://www.lego.com/cdn/cs/set/assets/bltcaa5223c1f681ff9/75094_alt1.jpg?format=webply&fit=bounds&quality=60&width=800&height=800&dpr=2,2015,937,9 - 14,
75095,TIE Fighter,Chasseur TIE,sw,https://www.lego.com/cdn/cs/set/assets/blt9fe5be712ba9c590/75095_alt1.jpg?format=webply&fit=bounds&quality=60&width=800&height=800&dpr=2,2015,1685,14+,https://www.amazon.fr/Lego-Star-Wars-75095-Chasseur/dp/B00X3301HI/ref=sr_1_2_mod_primary_new?__mk_fr_FR=%C3%85M%C3%85%C5%BD%C3%95%C3%91&crid=P0LGP3S8R35K&dib=eyJ2IjoiMSJ9.5i-s-zQ9rSrflLPVvkW5h3Y2Wm6hl8KIhGmy_Lb6QP1XcAfBpKkHe25qahDFoPU2jCFoBrmQAD5atqfbkFe0yh5piTrLnktfgKp-IFJUJciC-ZCFt1yxKQlOgtGGMDN2pu6x2tLaz-y2MklUysu4hM0Iiuc75NvZo-XADNsamTxYhRU0IA6toqN3sWhi3lPH8ZWxlTzSc9TXhwkGGX5lxIbgjWUQ8AAa16YS_c8Tf9HTkibpTXWJc3AINBRnA55wGvRKkV1TD4DUbkAB9oO1st-dqxFYDffLsun_ddNF_mM.Mtgb6A9vG3lkYB0pc4H38XBjCL35O-GRyQ4e34FGNOA&dib_tag=se&keywords=lego+75095&qid=1750338786&sbo=RZvfv%2F%2FHxDF%2BO5021pAnSA%3D%3D&sprefix=lego+75095%2Caps%2C95&sr=8-2
75096,Sith Infiltrator,Infiltrateur Sith,sw,https://www.lego.com/cdn/cs/set/assets/blt8514ee848cdf03c2/75096_alt1.jpg?format=webply&fit=bounds&quality=60&width=800&height=800&dpr=2,2015,662,9 - 14,https://www.amazon.fr/Lego-Star-Wars-75096-INFILTRATOR/dp/B014VT9RF4/ref=sr_1_1?__mk_fr_FR=%C3%85M%C3%85%C5%BD%C3%95%C3%91&crid=27ZHB7BDSH58U&dib=eyJ2IjoiMSJ9.Y2MOpMvAkgngDGsBfZfSHEs4qgihe5E6jNbwxLjGTAjGjHj071QN20LucGBJIEps.efNg6HXmwKxJzi9Pid4XCKOGM0CU7h5kvaGLc9RBhNA&dib_tag=se&keywords=lego+75096&qid=1750333895&sprefix=lego+75096%2Caps%2C86&sr=8-1
75098,Assault on Hoth,Attaque sur Hoth,sw,https://www.lego.com/cdn/cs/set/assets/blt532cf3a35371bd53/75098_alt1.jpg?format=webply&fit=bounds&quality=60&width=800&height=800&dpr=2,2016,2144,12+,https://www.amazon.fr/Lego-Star-Wars-75098-LAttaque-Hoth/dp/B01D9QOGZ6/ref=sr_1_1?__mk_fr_FR=%C3%85M%C3%85%C5%BD%C3%95%C3%91&crid=1R8DEZ02CNUK0&dib=eyJ2IjoiMSJ9.PFEldjmyqVpGNvNHVe3dbnSZ7D0q6RVypSp9lYEyBVcxHyIdXlEREqJH1IN-aDNZQlt4hgtoYXRucAhBj8Db0p48PyiJ5coU8UjbXXFLU6q5SA2REiM5u9y5jCIpy2wusYxcYlXh3l2ViKvpghDeXb4L_xd0ilYhbenynpD77qH1plQvJutbcFrsvs57glfR.zYe16dy6Kcq6P4bi7HLNuEo7JqL04fhIp8E7VTOcHV4&dib_tag=se&keywords=lego+75098&qid=1750330823&sprefix=lego+75098%2Caps%2C105&sr=8-1
75112,General Grievous,Général Grievous,sw,https://www.lego.com/cdn/cs/set/assets/blt2173bbd2053d6a31/75112_alt1.jpg?format=webply&fit=bounds&quality=60&width=800&height=800&dpr=2,2015,186,9 - 14,https://www.amazon.fr/LEGO-75112-Construction-G%C3%A9n%C3%A9ral-Grievous/dp/B00SDTTPVA/ref=sr_1_2?__mk_fr_FR=%C3%85M%C3%85%C5%BD%C3%95%C3%91&crid=18UPEXHNCDFTY&dib=eyJ2IjoiMSJ9.M2upVYACMMip06w6tgI7vm6e383w91Ma2SVU3I_kPoIV9g7cm-UatEiUQ75iAduUt7NOb6FLOfwnnn6EUpFmQXYsGbw2U5T5vKUmT0ZAzwt8sSVSzA8zJ32w8HQ0tpVFJIQZujTanN98CFdjqPrFKlNSTSLFLxHrSThV5I6cKQ0.dsAUs2sIGItFRhalkNhJN6zYvunrjVc3eCu5DOpsabM&dib_tag=se&keywords=lego+75112&qid=1750332831&sprefix=lego+75112%2Caps%2C109&sr=8-2
75135,Obi-Wan's Jedi Interceptor,Intercepteur Jedi d'Obi-Wan,sw,https://www.lego.com/cdn/cs/set/assets/blt06316fb8dc528008/75135_alt1.jpg?format=webply&fit=bounds&quality=60&width=800&height=800&dpr=2,2016,215,7 - 12,https://www.amazon.fr/LEGO-Star-Wars-Intercepter-dObi-Wans/dp/B012NOD05C/ref=sr_1_1?__mk_fr_FR=%C3%85M%C3%85%C5%BD%C3%95%C3%91&crid=2M0B1C06E8CE8&dib=eyJ2IjoiMSJ9.w-wIOYKdFoKRlwF962A4Wx03xSNd-ha7zucDtRh9oEbzWUH-i0-kYlWGJvAnTYsU82FflzRSrA5yYsTHb0Z_ErW6bWOLLZoWYniF99qfzzqnVaDRhz_15dtsTxOvTL7Rv40bh-587ccUGEJO8jqRnw.AVNj_Hu8eb-kL8JXjCO_SQ4TPFeVUpm5kwk4_fu8Sxg&dib_tag=se&keywords=lego+75135&qid=1750339664&sprefix=lego+75135%2Caps%2C106&sr=8-1
75136,Droid Escape Pod,Capsule de Sauvetage des Droïdes,sw,https://m.media-amazon.com/images/I/71+ggmmjSoL._AC_SL1080_.jpg,2016,197,7 - 12,https://www.amazon.fr/Lego-75136-Construction-Droid-Escape/dp/B012NOJSKI/ref=sr_1_1_mod_primary_new?__mk_fr_FR=%C3%85M%C3%85%C5%BD%C3%95%C3%91&crid=2C4BIY6TQ1QG&dib=eyJ2IjoiMSJ9.RlNjA5GqBb2gHXp66_WaKeVxSJ3U0s8rgojJko6cmwRQ5pwf7k16216vZhSYTrjxt3MFQ3cLYImatY_RgEe7PjH1FMtD4KVebphqgxZWhgBrhOwWiOZ1l3YYXvOtnSrSUmbDBPDyZ4FufL19vvUKXEKzjfMC7mCiyUFTdRwqKG0NyxPx9Dj4XUXg6tVVEGo3NB3_SNbQkoxss_DA41f0eNF30qhfACLC2tPtanVPb4vI_YCGWgIusoCnnhSAiQqQPCDsXATtj_Dl2_9AcBq2Ml5MIEEuqjJ6mKySut4hlHw.B1WLipQbrle1JtTNtuClt9BzZS9OmrlUkCdUTPgslsw&dib_tag=se&keywords=lego+75136&qid=1750340230&sbo=RZvfv%2F%2FHxDF%2BO5021pAnSA%3D%3D&sprefix=lego+75136%2Caps%2C87&sr=8-1
75137,Carbon-Freezing Chamber,Chambre de Congélation Carbonique,sw,https://www.lego.com/cdn/cs/set/assets/blt4cbc9450c90d8367/75137_alt1.jpg?format=webply&fit=bounds&quality=60&width=800&height=800&dpr=2,2016,231,7 - 12,https://www.amazon.fr/LEGO-Star-Carbon-Freezing-Chamber-75137/dp/B01AW1R5TU/ref=sr_1_2?__mk_fr_FR=%C3%85M%C3%85%C5%BD%C3%95%C3%91&crid=5GQ8802RZA00&dib=eyJ2IjoiMSJ9.5vbCMlTusAB25jiBWNJx8K_7XvvDLEL80M6LkJOh7Vp7HzLaNf_GMl7mgBpppsZ2KvrVWi-xWIWbfJEFWkdHU1jGa9IeUkovIwVkbpdlg9A.Hiu000_OKwEpAx47KjTPW2Mw_RWFOyXp9SsE1ibOgpo&dib_tag=se&keywords=lego+75137&qid=1750334278&sprefix=lego+75137%2Caps%2C93&sr=8-2
75138,Hoth Attack,Attaque de Hoth,sw,https://www.lego.com/cdn/cs/set/assets/bltaf9d1cffb35ac0f3/75138_alt1.jpg?format=webply&fit=bounds&quality=60&width=800&height=800&dpr=2,2016,233,7 - 12,https://www.amazon.fr/LEGO-75138-Star-Construction-Attack/dp/B012NOJBIW/ref=sr_1_1?__mk_fr_FR=%C3%85M%C3%85%C5%BD%C3%95%C3%91&crid=18Y4JI607PKJJ&dib=eyJ2IjoiMSJ9.t6iQk57AdulUONGBUZkfimFELcL2VnAkkQPkwG2AdQ4_Fz0VxO5DFqRx7N9UMokhW003nEynZ6ehTA1AEIV7NKzuDVnTwzRMWPTWKFvl8hwGsiYFfsyVwy2dlzk1uXhdJJMf9pidBpuX1sY8Z1TrQA.dbsK8pr_RK0xhATkEEfYJeiHYgtLQd6jtbdumjeXcwk&dib_tag=se&keywords=lego+75138&qid=1750335315&sprefix=lego+75138%2Caps%2C171&sr=8-1
75142,Homing Spider Droid,Droïde Araignée à Tête Chercheuse,sw,https://www.lego.com/cdn/cs/set/assets/blt6f7db2088c67c503/75142_alt1.jpg?format=webply&fit=bounds&quality=60&width=800&height=800&dpr=2,2016,310,7 - 12,https://www.amazon.fr/Lego-75142-Homing-Spider-Droid/dp/B01AMLBXM0/ref=sr_1_3?__mk_fr_FR=%C3%85M%C3%85%C5%BD%C3%95%C3%91&crid=3EF7MM1QP5BEM&dib=eyJ2IjoiMSJ9.4GkiD_qDYvc9jW5w6TkVvtgU8Y3YLZ2Qk-0m58Wgg4TuoSWT2UDIbPnW2unZe4Mv.mMVp5DgUtLfM8MsOFz-iYpw2HRtuvFV3Jm8MP_tgsfI&dib_tag=se&keywords=lego+75142&qid=1750333780&sprefix=lego+75142%2Caps%2C99&sr=8-3
75144,Snowspeeder,Snowspeeder,sw,https://www.lego.com/cdn/cs/set/assets/blt56567672d584471c/75144_alt1.jpg?format=webply&fit=bounds&quality=60&width=800&height=800&dpr=2,2017,1703,14+,https://www.amazon.fr/Lego-Star-Wars-75144-Snowspeeder-TM/dp/B072DZ6833/ref=sr_1_4_mod_primary_new?__mk_fr_FR=%C3%85M%C3%85%C5%BD%C3%95%C3%91&crid=BKVE7I0JLIT4&dib=eyJ2IjoiMSJ9.q9_TczDfORVAWb5kuTKm0H9cM6PJsCKgxrhhushjxtg5TZ7kgyhW8XnCtPGIFSdormzKDfzR8sSNfdAjY-pJOM2ybykHLZu-oDJJDbL7ZametBnSUyX9BIz_iaw3jAopBlkyMleRkIBuMj4HsPCoBb63gnXtXUdaZ0evnLmwpF_cI8Wjsuan-0HR3M3L1WqPXSj43DMqxKlqJaoOqS82TsHr3-Gwt_iyjNtUSV4OfZEFTgeD0058ciX0w6Ybiu7swJy0cTbS829i0Z-MAu1p8dn0maNFU_MkKH_0nrQriqs.MvJ94wc4rkX9x1N3hfQH9eB-wAN6VztYCNMqjRgsXiw&dib_tag=se&keywords=lego+75144&qid=1750336035&sbo=RZvfv%2F%2FHxDF%2BO5021pAnSA%3D%3D&sprefix=lego+75144%2Caps%2C90&sr=8-4
75150,Vader's TIE Advenced vs. A-wing Starfighter,Le TIE Advenced de Vador contre le Chasseur Stellaire A-wing,sw,https://www.lego.com/cdn/cs/set/assets/bltd853f1667003be69/75150_alt1.jpg?format=webply&fit=bounds&quality=60&width=800&height=800&dpr=2,2016,702,9 - 14,https://www.amazon.fr/Vaders-Advanced-Wing-Starfighter-75150/dp/B01CIGN2UI/ref=sr_1_2_mod_primary_new?__mk_fr_FR=%C3%85M%C3%85%C5%BD%C3%95%C3%91&crid=7IWK3PEMER6J&dib=eyJ2IjoiMSJ9.9c-YzJ8RzvyKxTa6YIif7NkfTFsX-CzV2ERLZp9OLbnb8IJNNo9-BIEiVQHgDLR91pW5XVqRnNmoQbMKZFy9Z8HI0QC2lB5-S-KL7PuFYrygsK_cU4Zh2MJw8hLMgbdO1s1j0SXn1K7Ss_LOTljmxSNJTZTxpluwHb6V0ifwoMefBxbdvnhT2yYur50NOleMNB3_SNbQkoxss_DA41f0ePPf1m3KRhdnQmlHC4He4NHzYcjETLQ3h7RGxdeI9f5wHzI8AhlFgRzSMUq1McFI3y_ozFB57nnegChnGxgbTiw.pUJLFynbZIPtgwrSr6PiRRzuXhGllNetNoBFbq5bcJw&dib_tag=se&keywords=lego+75150&qid=1750339064&sbo=RZvfv%2F%2FHxDF%2BO5021pAnSA%3D%3D&sprefix=lego+75150%2Caps%2C86&sr=8-2
75151,Clone Turbo Tank,Turbo Tank des Clones,sw,https://www.lego.com/cdn/cs/set/assets/blt3594a3c7002eba3c/75151_alt1.jpg?format=webply&fit=bounds&quality=60&width=800&height=800&dpr=2,2016,903,9 - 14,https://www.amazon.fr/LEGO-75151-Construction-Clone-Turbo/dp/B01AC1DV6G/ref=sr_1_2?__mk_fr_FR=%C3%85M%C3%85%C5%BD%C3%95%C3%91&crid=10MTFYG9GMMRE&dib=eyJ2IjoiMSJ9.qrBpdD1RSXAtD5_LY5mYUHPY5NPocbi959VpgomALY-cDo2-tl70S3rfzpw6TXy92crJHpwgqEGez-rMYYDyVd7B-oziitQfCpixihIoP3gZheRHxkNzKcc_3Mu5cjPp99FDAN-_5JD_SdmCOPk3UnOOn8OJT0y7oT1Zkt8XjekwNtrQnldCWZ0JnR1ew902RTqAo5zHJ7aGGvKqZgnRIL7Z-XtBLyscsKQgSFovD65cepoZU-zl1VJFIE5TFJuz5pnLdQIXTNv33PvIhFeqKfps3X_dmLCauGZBI7ScZbs.EPCWvi3mjImAsmF26WJOQrLF1h9f6IheIRgN_ANncvU&dib_tag=se&keywords=lego+75151&qid=1750330392&sprefix=lego+75151%2Caps%2C101&sr=8-2
75153,AT-ST Walker,Marcheur TR-TT,sw,https://www.lego.com/cdn/cs/set/assets/bltd12888edde081587/75153_alt1.jpg?format=webply&fit=bounds&quality=60&width=800&height=800&dpr=2,2016,448,8 - 14,https://www.amazon.fr/LEGO-75153-AT-ST-Walker-Building/dp/B01CVGVB4O/ref=sr_1_4?__mk_fr_FR=%C3%85M%C3%85%C5%BD%C3%95%C3%91&crid=3H2O6CJ4VVVSV&dib=eyJ2IjoiMSJ9.L1qYsQj0sMRULvXICcxhioP8385J1qqa3szTPnZwndkGfpfs92dW4rtdAEf_4gf86PNzcBjmu0yaLb1B5Legw7cR-tboQr57MJAA9Q43yjUVZjwuGir9d0roy8XTqNQcIioec7PeMyDneYHi90CiSsoJ-4Du_oCCutMLMEUfJzvwom7__hXqjZt17e46_0YiLKQzXbPfw75n9pgFvyEUYhshSG4nuPgwJUiuU50k46tkcebxKoVwhpBH3hTjbQJ1dgBAJCeIiYVlCeXybSY0BzSfnlkKNdkEqGmnEkkXFVI.Il_9MdbyLJLlINlMxvvf3jKgoY3QgIUi8Nvy0kNwvJ4&dib_tag=se&keywords=lego+75153&qid=1752268485&sprefix=lego+75153%2Caps%2C89&sr=8-4
75169,Duel on Naboo,Duel sur Naboo,sw,https://www.lego.com/cdn/cs/set/assets/blt8eb0980739ed46da/75169_alt1.jpg?format=webply&fit=bounds&quality=60&width=800&height=800&dpr=2,2017,208,7 - 12,https://www.amazon.fr/LEGO-Star-Wars-Naboo-75169/dp/B01N0BBUYX/ref=sr_1_3?__mk_fr_FR=%C3%85M%C3%85%C5%BD%C3%95%C3%91&crid=S5KJ7OKPCLUJ&dib=eyJ2IjoiMSJ9.5AYtm0RoQh8cq7UnB2h8v2Pv_uJJo5xjq3kCDaXT_g8RjP5Xh0MMafMPUcaP1QBlTnNd1kp7i6nFtHFyIdW-rVbmyGKLvfKsFB6z3BcQSi70LS7Ek3jl5bk2-5jeeVl6srjqLcg7A2ANC5EFJUJOYzTVNcSGA3He4JHOf-4Rjvyam8pApeTE2x5njUe3VoYLS5QOhnvAIMRHlY03zgHDd8gb2mxh7wd4A9mSjyo4JA_ZCMn2Htogb--yoKp5zAYhrD_e2yJJOu-v31LpEB-DO-iHoU7m7QWlOzTyKgXCZwc.F9Xh-X3sHMA_lLbC6rWNfp6gxmQ7Un_Drwaa8yLsim4&dib_tag=se&keywords=lego+75169&qid=1750339797&sprefix=lego+75169%2Caps%2C147&sr=8-3
75172,Y-Wing Starfighter,Chasseur Stellaire Y-Wing,sw,https://www.lego.com/cdn/cs/set/assets/blt4b28d7fb6b94d91e/75172_alt1.jpg?format=webply&fit=bounds&quality=60&width=800&height=800&dpr=2,2017,691,8 - 14,
75173,Luke's Landspeeder,Le Landspeeder de Luke,sw,https://www.lego.com/cdn/cs/set/assets/bltd0532ca942ca4de8/75173_alt1.jpg?format=webply&fit=bounds&quality=60&width=800&height=800&dpr=2,2017,149,7 - 12,https://www.amazon.fr/Lego-75173-Jeu-Construction-Star-Landspeeder/dp/B01J41KIIE/ref=sr_1_1?__mk_fr_FR=%C3%85M%C3%85%C5%BD%C3%95%C3%91&crid=22Y7R5YV38Q02&dib=eyJ2IjoiMSJ9.ALvXK1w1qjeZWoWc3BQxy5eDOHR7YhxAbZ9uT-wxtxMXwr37flU0L8AfcLu-_e_6tgv9p1_u6jPGN_0H2KHfHHCG3lkiAxX1gtDHa_BdWe4sdAGWsOA0pUVBW1stwhCNeFMwA6Fcr67x74lpWoXVNsMyvx_Z1qaD01wlzh2rmAvJ2W7vkWkpqlh0H3CPjaBA.zcP3HyAwoQ4Kv07CDRE_DKDhO7b8Rk2YJYHOXpyMqhI&dib_tag=se&keywords=lego+75173&qid=1750335840&sprefix=lego+75173%2Caps%2C97&sr=8-1
75174,Desert Skiff Escape,Évasion de l'Esquif du Désert,sw,https://www.lego.com/cdn/cs/set/assets/blte518f201c64cbfb9/75174_alt1.jpg?format=webply&fit=bounds&quality=60&width=800&height=800&dpr=2,2017,277,7 - 12,https://www.amazon.fr/LEGO-75174-Construction-Desert-Building/dp/B01J41KJ7O/ref=sr_1_1?__mk_fr_FR=%C3%85M%C3%85%C5%BD%C3%95%C3%91&crid=3BYTQAUGT6NFC&dib=eyJ2IjoiMSJ9.VTqkAJpApq6Htg2OO78HWJzPsnKWKrev9H-7pGaS2N4.m7RrurFbCZFpbWHvtxEemkNgL6GRoFgRf9n9Sdngo-o&dib_tag=se&keywords=lego+75174&qid=1750353735&sprefix=lego+75174%2Caps%2C87&sr=8-1
75175,A-Wing Starfighter,Chasseur Stellaire A-Wing,sw,https://www.lego.com/cdn/cs/set/assets/blt597811242fe66d0e/75175_alt1.jpg?format=webply&fit=bounds&quality=60&width=800&height=800&dpr=2,2017,358,8 - 14,https://www.amazon.fr/Lego-Star-Wars-75175-A-Wing-Starfighter/dp/B01MR79Y5Y/ref=sr_1_1?__mk_fr_FR=%C3%85M%C3%85%C5%BD%C3%95%C3%91&crid=2ZXSZUXD4NY3V&dib=eyJ2IjoiMSJ9.jsVgTgSn45s_-iJAXRgBfLiNPvbERdduKeU2AGBFDF44bdAWk-srnqAgv5kLT0sgMtxtO3JJGHuvwjPWLIXsnfqW_nJ3SG99vgYueNEUz1I.3b4_Ax6eAkyT4HvZr7UaJ9liKHW85sIhyGq_yk6jQDo&dib_tag=se&keywords=lego+75175&qid=1750335698&sprefix=lego+75175%2Caps%2C111&sr=8-1
75181,Y-Wing Starfighter,Chasseur Stellaire Y-Wing,sw,https://www.lego.com/cdn/cs/set/assets/bltd0ca0a96053a32f1/75181_alt1.jpg?format=webply&fit=bounds&quality=60&width=800&height=800&dpr=2,2018,1967,14+,https://www.amazon.fr/Lego-Star-Wars-75181-Starfighter/dp/B07BLGCXZZ/ref=sr_1_1?__mk_fr_FR=%C3%85M%C3%85%C5%BD%C3%95%C3%91&crid=3E6I7MGWAN376&dib=eyJ2IjoiMSJ9.n4ZH-UBTqHsBwbByrKuUIalyQzB_A4xr0DY4ZqmG3cUC5XSZp-rxiB-vEyaNbAlGrGsFqmV-B_k3o1P7-l3v3-2CamUpCLn9vpigF7pq4TdyOmDuNh-Wkiyp76rgE41GYtZNl85bqokvkDncczB_kw2f-17fr-CQRI1YhrTdHpK0HsXrQkF9kkY4DbgWKH24dNQYeq2C14zs-wNZSH0hEkKAnJP4dUzko-pVf7wqwPR1nIatamRIFNlAV8FZLEiGwC2QV-yDgyDdy_DNzKK_J2GHOPlfF_IbJquMnfCpLWA.nFU3BXs1G9GL45IWRNBjpoGonokUTPtTnnoJCJmBN4U&dib_tag=se&keywords=lego+75181&qid=1750332633&sprefix=lego+75181%2Caps%2C74&sr=8-1
75182,Republic Fighter Tank,Char de Combat de la République,sw,https://www.lego.com/cdn/cs/set/assets/blt8339896b7627d016/75182_alt1.jpg?format=webply&fit=bounds&quality=60&width=800&height=800&dpr=2,2017,305,8 - 14,https://www.amazon.fr/LEGO-305-Piece-Republic-Fighter-Construction/dp/B06XRGBBXP/ref=sr_1_5?__mk_fr_FR=%C3%85M%C3%85%C5%BD%C3%95%C3%91&crid=J6YP3SM6G18P&dib=eyJ2IjoiMSJ9.FcbGkjD9ke8iT3aDECvY6lZ4qv8OFM9CEiDF6kVQpTjZpGu78l_75H1ZwuHHdZG3F6Q1-GzGNsA8i4Pv608kFBm0bFsskZDY4I1s5CrbP9uok-tvh10L6MBqrdOFfRCy.UyiTy8eUdlTpAZpWY-wZqx2RKxKeyIvB6uBusg3ixV0&dib_tag=se&keywords=lego+75182&qid=1750352454&sprefix=lego+75182%2Caps%2C70&sr=8-5
75183,Darth Vader Transformation,La Transformation de Dark Vador,sw,https://www.lego.com/cdn/cs/set/assets/blt7f47c7fc9ed0e924/75183_alt1.jpg?format=webply&fit=bounds&quality=60&width=800&height=800&dpr=2,2017,282,7 - 12,https://www.amazon.fr/Lego-Transformation-Darth-Construction-Multicolore/dp/B06XRTK4KN/ref=sr_1_2?__mk_fr_FR=%C3%85M%C3%85%C5%BD%C3%95%C3%91&crid=28H0YPF6OBDXH&dib=eyJ2IjoiMSJ9.El0l8Z8HtGtGIHFz0rx93FMO7-4EsIHjfzV1rTd31jXOdDtrkSYpsTsCY2CWCWtqn597OZSNRVg12ecHhX8Uzy7mZH21lpCnh8JVgr4uGkU3F2qUGjkEXjwjKxBmph3FNco3mOTXvInxTCj9dWkArgInZG37UrwWDBscTcM6OqW0QI3g15pH_0ND-VozeXgDw0RMB_K1MmDTx72A-e43NC9jMHHIz7RhyId_uuGRMXU.jZFY_fDu_czDhdMKoBd5igYAnqollDwXeNspBxJeSQM&dib_tag=se&keywords=lego+75183&qid=1750333117&sprefix=lego+75183%2Caps%2C101&sr=8-2
75191,Jedi Starfighter with Hyperdrive,Chasseur Stellaire Jedi avec Anneau d'Hyperpropulsion,sw,https://www.lego.com/cdn/cs/set/assets/blt355e663aacd677fc/75191_alt1.jpg?format=webply&fit=bounds&quality=60&width=800&height=800&dpr=2,2017,825,9 - 14,https://www.amazon.fr/LEGO-Star-75191-StarfighterTM-Hyperdrive/dp/B07217SMMT/ref=sr_1_1?__mk_fr_FR=%C3%85M%C3%85%C5%BD%C3%95%C3%91&crid=PQY6AUPDBC82&dib=eyJ2IjoiMSJ9.QvFlcCPn458eEiGKw0V_BL9xlyPGZfu8hxC-VXCbgwkKOwrSIuBw2g8YRbrrPffZ2SjEAe4gLfVxEb4e7qlmd8CU-LqH0hxYESzyC02OrIBOFzBxqoogyXzqwaOtSi85fhSkEtiZ-1iu33TYnI_NFetE_eOyCv3mb2Ybiu3xJOlTIOdaPR2nxzPsZ3NcKU9PIotfzTiNn4aSNhqFcNzuKdtqIa9j_fcCJs44lReBQliT3YkiJoWFKYKjBggZ0wM43ZJWslCGRnkWrZo3Bp1Eq0upmQ8b2xuMqn8ju2Cptkc.7ueCwtOfAnTFybeAr_EC6zOFKULDvQ8zsEB4Ay79Ymk&dib_tag=se&keywords=lego+75191&qid=1750332525&sprefix=lego+75191%2Caps%2C91&sr=8-1
75192,Millenium Falcon,Faucon Millenium,sw,https://www.lego.com/cdn/cs/set/assets/blte22f1f8d1cacfb3c/75192_alt1.jpg?format=webply&fit=bounds&quality=60&width=800&height=800&dpr=2,2017,7541,16+,
75203,Hoth Medical Chamber,La Chambre Médicale sur Hoth,sw,https://www.lego.com/cdn/cs/set/assets/blt365a67c264fd2581/75203_alt1.jpg?format=webply&fit=bounds&quality=60&width=800&height=800&dpr=2,2018,255,7 - 12,https://www.amazon.fr/Lego-75203-Titre-Produit-Manque/dp/B0792S2RDM/ref=sr_1_2?__mk_fr_FR=%C3%85M%C3%85%C5%BD%C3%95%C3%91&crid=1L78FLFIZ59MN&dib=eyJ2IjoiMSJ9.nr1gqrJYQz3KOjCUNj7Cl7k20pg5Xg0HhXYRldp7_99BCO4Sgqas5PjKhULmsk0326wFFCVw8wBZ_zVVRKpfUomk-se6QP9V5bu8yrkyu7iyDzhxq8OcQ-2mCGW96hAgeInqbOZhyjS2dBoc9DlJag.H5ggUPf4VlvtVwF9nEKmfpIeBKf553OY8kqW18eKhWU&dib_tag=se&keywords=lego+75203&qid=1750329130&sprefix=lego+75203%2Caps%2C98&sr=8-2
75206,Jedi and Clone Troopers Battle Pack,Pack de Combat des Jedi et Clone Troopers,sw,https://www.lego.com/cdn/cs/set/assets/blted5e08ee3425c069/75206_alt1.jpg?format=webply&fit=bounds&quality=60&width=800&height=800&dpr=2,2018,102,6 - 12,https://www.amazon.fr/LEGO-Clone-Troopers-Battle-Building/dp/B078FHHC1P/ref=sr_1_2?__mk_fr_FR=%C3%85M%C3%85%C5%BD%C3%95%C3%91&crid=1TD08UZGN6WFK&dib=eyJ2IjoiMSJ9.pVWbNostfmS3fp71RkbO341fowtZAgISNZBNzDRPPBc89zceEvOBkr3T3St4V7Nn3A24lFLWsDioJ64GOatuU5gmDAsXFWoNyJRmVyh_P4bllXw6e9SWA3MbCp4by3gS59-leS1gHjTZfD4Fu5szZ4f36ORJufSuS4kXpPlbqA6t-pNwXf0w54CHc6yXWJoR.V7cm2y-i4Li5Jfeeco6KSDM2db0XgtQ4OvBZnPdsj5k&dib_tag=se&keywords=lego+75206&qid=1750328999&sprefix=lego+75206%2Caps%2C106&sr=8-2
75218,X-Wing Starfighter,Chasseur Stellaire X-Wing,sw,https://www.lego.com/cdn/cs/set/assets/blt5bc849f7c41c1baa/75218_alt1.jpg?format=webply&fit=bounds&quality=60&width=800&height=800&dpr=2,2018,730,8 - 14,https://www.amazon.fr/Lego-Star-Wars-Starfighter-Construction/dp/B0792R2MYX/ref=sr_1_2?__mk_fr_FR=%C3%85M%C3%85%C5%BD%C3%95%C3%91&crid=3Q37B0QTDVKXQ&dib=eyJ2IjoiMSJ9.nWr3sHErpzHTDNEb0dpBIKdf4YM_vvxYChinXbbWqJ-fm0dhJoLl21UxO1Umy_V0IL32R5wpRgILdFotGR7Q_d3xeEhD1FXC9RWEq6Wrqg3xdIjrWXzUQIfagDpobObXebVErDeRzjS1FCChTJ5TjQU_fJpBiZ67sVyH2R1V4w6NGGZE7YQpmv4j_OARblxH4XzoQjwy8kh60pwVpyG1phYvgBEUZXosen2RN6TYTmyg_ribzpXVr0TP98MEhqUmRHickls6eckCiMSn0M36zA.VIKjqkhtY1dX17hBsDzrvT2QdMenaVtHp5zSVdWkGWc&dib_tag=se&keywords=lego+75218&qid=1750334669&sprefix=lego+75218%2Caps%2C86&sr=8-2
75220,Sandcrawler,Sandcrawler,sw,https://www.lego.com/cdn/cs/set/assets/blt5452bae03d4e6c22/75220_alt1.jpg?format=webply&fit=bounds&quality=60&width=800&height=800&dpr=2,2018,1239,12 - 14,https://www.amazon.fr/Lego-Star-Wars-Sandcrawler-Construction/dp/B0792S7F7M/ref=sr_1_2?__mk_fr_FR=%C3%85M%C3%85%C5%BD%C3%95%C3%91&crid=1KPEKICHLUN0B&dib=eyJ2IjoiMSJ9.bPwaLkCSzvbLCBhNyd27CgbX7suWmlK5-eb7vWla0sInNJIRNZMmxsGqUbVsgBdIeKsAZm_cP2fUaYit9EefL856oXNi6J2FDDpUqgGwHfA.p8jOcDoKi3GEtC-hrwKF60ANERkwNtOx2LEk2_3ODSM&dib_tag=se&keywords=lego+75220&qid=1750328849&sprefix=lego+75220%2Caps%2C97&sr=8-2
75221,Imperial Landing Craft,Le Vaisseau de Débarquement Impérial,sw,https://www.lego.com/cdn/cs/set/assets/bltb517825820a01690/75221_alt1.jpg?format=webply&fit=bounds&quality=60&width=800&height=800&dpr=2,2018,636,9 - 14,https://www.amazon.fr/Lego-Star-75221-Rustic-Timber-Confidential/dp/B07C8DGCLZ/ref=sr_1_1?__mk_fr_FR=%C3%85M%C3%85%C5%BD%C3%95%C3%91&crid=3JQ309ZXFEDG6&dib=eyJ2IjoiMSJ9.7Bylq9daOz1i92BzKuwoXRGf99FjXON_mTNYJBzt66Pr8OEa2vHoErqhtdRN8wuIni1sJeriQHxWG0-U4E6Z8s-BqPlOYGJH0fhpsjvzl74.wJoXSN2CKs_7aAeMsThBdg88xPxqwjlFeCS0RYeUu8s&dib_tag=se&keywords=lego+75221&qid=1750334537&sprefix=lego+75172%2Caps%2C150&sr=8-1
75222,Betrayal at Cloud City,Trahison à la Cité des Nuages,sw,https://www.lego.com/cdn/cs/set/assets/blta0e4db884251109e/75222_alt1.jpg?format=webply&fit=bounds&quality=60&width=800&height=800&dpr=2,2018,2812,14+,https://www.amazon.fr/Lego-Star-Wars-75222-Verrat/dp/B07BLG21LT/ref=sr_1_2?__mk_fr_FR=%C3%85M%C3%85%C5%BD%C3%95%C3%91&crid=25RK5ARKYIMOV&dib=eyJ2IjoiMSJ9.wJ7nfcfFcrWGL2Tyy-yY19-RI6LFGjxAj1SFLEPFs9J46hHkLmXzRE1xDluNJIBvWRBRCPx7iTvrw9DFetzb-5BlvX0aNQKVvAgIIw5-kGV-c2rHqaq7YBcqtv47gyT_Ggb2iWHmw_0RikxGW2cHHIa2dmwAWywIe0cqAi2IYsuDgB8rpeZEaOWSn16fZr7nDYUcYn7-Yh4pfLYfg_FaPujlRCCYoengn3kFy4GBRJWHhLI1AQpoTnEudJKz5AbF4KtTNZS38QoPEEn8tVL887KJBvOsLTt8X8N6lha4M20.FpKUCvJByRG-zkhZB6xYLPigFhOQ7mtqPUpNiYN8Ao8&dib_tag=se&keywords=lego+75222&qid=1750330000&sprefix=lego+75222%2Caps%2C104&sr=8-2
75233,Droid Gunship,Cannonière Droïde,sw,https://www.lego.com/cdn/cs/set/assets/blt6e67cf9f2fd2850e/75233_alt1.jpg?format=webply&fit=bounds&quality=60&width=800&height=800&dpr=2,2019,389,8+,https://www.amazon.fr/LEGO%C2%AE-Star-WarsTM-Droid-Gunship/dp/B07GZ51QR9/ref=sr_1_3?__mk_fr_FR=%C3%85M%C3%85%C5%BD%C3%95%C3%91&crid=3DJUFZFG56Z0N&dib=eyJ2IjoiMSJ9._FQoYzKsr_ekhx8qPzRfbcaUL6b3N7zXcUFR2pkG0DbMoVC2LYcc8WNUE21p7x84z_vG9Kio6hPDV_gb1euMO8CmXw-6mFMkWm2yuXNTH_gYhXOs693vnH3isxPNuvTck5dl9oY8qda3fpGcvloZOT9f3_uGH1mwjpUIjKudT72wUvfoudKLRYlJ7k_qVT-5woNRItWObLaebW1uWRffk3COta3MBtC4ysYT2pf2skZ-78ECIJYlo2e83cI1y8tZ3EmX535IlBX0gyhf7MHt4w.YSp5P9C16cMh50vMBQwgV-an9MTV0lvjf2mPkZ1pevo&dib_tag=se&keywords=lego+75233&qid=1750331433&sprefix=lego+75233%2Caps%2C91&sr=8-3
75234,AT-AP Walker,Marcheur MA-TT,sw,https://www.lego.com/cdn/cs/set/assets/bltfe94662aadbf722e/75234_alt1.jpg?format=webply&fit=bounds&quality=60&width=800&height=800&dpr=2,2019,689,9+,https://www.amazon.fr/Lego-Star-Wars-Revenge-Building/dp/B07GYTVRXY/ref=sr_1_2?__mk_fr_FR=%C3%85M%C3%85%C5%BD%C3%95%C3%91&crid=27OPL8ODEPC2X&dib=eyJ2IjoiMSJ9.OeYO0UzJXarFZe4KJOWD14cyEhycq6IdvKTW1XSdQxyH1ehrQVUjlxXl__H9n7muDnXeSGFPuMYoyu0wsnWGuMTQJqNKVM7d4sJjEA4mashhoUL8nYXhsuzq3ZXzJ72-.5Niv9GqpGLB2G_LsMH_gmml7WDamZsE7SDhfAAfCsgQ&dib_tag=se&keywords=lego+75234&qid=1750351757&sprefix=lego+75234%2Caps%2C110&sr=8-2
75239,Action Battle : Hoth Generator Attack,Action Battle : Attaque du Générateur de Hoth,sw,https://www.lego.com/cdn/cs/set/assets/blte62d0b6ac6590d17/75239_alt1.jpg?format=webply&fit=bounds&quality=60&width=800&height=800&dpr=2,2019,235,7+,https://www.amazon.fr/LEGO-75239/dp/B07FP76GMV/ref=sr_1_1_mod_primary_new?__mk_fr_FR=%C3%85M%C3%85%C5%BD%C3%95%C3%91&crid=1RO5IX32681E&dib=eyJ2IjoiMSJ9.R3-tJ7EJzEFclrjhrj8Xp1jefF-EFdzB12-saRV9REVx5u_AwhnO2gJQd3BLTdZiqZcM77Eu7ePY8oQUgRqPFIUV5a5oAa20qwJGLpSkhKSsvLsrDkyRxSJKhKSfS-NG9BWASiBCaAhgB8yNIQ_V2WsxUEgCv2UR87bJkZODJo0.To9o--eCUkwZb44b0YlBAW9B5YMa-mgHsNhHv3Vgulk&dib_tag=se&keywords=lego+75239&qid=1750353539&sbo=RZvfv%2F%2FHxDF%2BO5021pAnSA%3D%3D&sprefix=lego+75239%2Caps%2C73&sr=8-1
75241,Action Battle : Echo Base Defense,Action Battle : Défense de la Base Echo,sw,https://www.lego.com/cdn/cs/set/assets/blt76ddfcd9557a7242/75241_alt1.jpg?format=webply&fit=bounds&quality=60&width=800&height=800&dpr=2,2019,504,8+,https://www.amazon.fr/LEGO%C2%AE-Star-WarsTM-Action-Defense/dp/B07JN74TJ2/ref=sr_1_4?__mk_fr_FR=%C3%85M%C3%85%C5%BD%C3%95%C3%91&crid=TA8HXJ6XUW35&dib=eyJ2IjoiMSJ9.JT-El_s5HPwX9OPyUvCCbAqzo-CTE-7-W4nEhsXNfyX2j6OpKCRaTZ1yjLnP2328ks0rT9E_V5V4tdp9fn-ZV6mk22GYh9enePzzQTYZD8WVv5fSVWlDQlBpYMcPqUFxlXS6NlinStR8aZT6x20urE6oBT4Sg6M3aEztoki6gfg.dlVBZvnjTDGIj6T5Ef2RB8hkAchoVFGiVOAEtQf-lpA&dib_tag=se&keywords=lego+75241&qid=1750356079&sprefix=lego+75241%2Caps%2C105&sr=8-4
75243,Slave I - 20th Anniversary Edition,Slave I (version de Boba Fett) - Édition 20ème Anniversaire,sw,https://www.lego.com/cdn/cs/set/assets/bltf68e980dc6280475/75243_alt1.jpg?format=webply&fit=bounds&quality=60&width=800&height=800&dpr=2,2019,1007,10+,https://www.amazon.fr/LEGO%C2%AE-Star-WarsTM-Slave-lTM/dp/B07FP2KPX6/ref=sr_1_1?__mk_fr_FR=%C3%85M%C3%85%C5%BD%C3%95%C3%91&crid=17A4U3SVQTNRQ&dib=eyJ2IjoiMSJ9.DxJaLCa-oKvyQoL3NLf1jfSYBPU_BSomR6cHdonxZ24gXVmvv6Xkl7oZMoywypKQCgoh6f3NA_YjvSqYh0tSstynmOhyWmEmRwb9kWMPqLY_7NaCAtWsm4Q0SCLw8Wq833sV0J905eqm2luGrxBn1oLeeQcbN1s6xWoNLmdDajwcfIOx1-s-POTRi80hrKHDw_cibQ8VVCvpwCivy6HuvwvtgO8-5rkIiUHJ6iyWti0.6IMwrNa3zOkQxdYzPiTa7BLaSReyhU9AqvKXFw0Zing&dib_tag=se&keywords=lego+75243&qid=1750333266&sprefix=lego+75243%2Caps%2C105&sr=8-1
75244,Tantive IV,Tantive IV,sw,https://www.lego.com/cdn/cs/set/assets/blt1e7ef0277d74e744/75244_alt1.jpg?format=webply&fit=bounds&quality=60&width=800&height=800&dpr=2,2019,1768,12+,https://www.amazon.fr/Lego-Star-75244-Confidential-Multicolore/dp/B07G3T672X/ref=sr_1_4?__mk_fr_FR=%C3%85M%C3%85%C5%BD%C3%95%C3%91&crid=238BBOL3KAU8C&dib=eyJ2IjoiMSJ9.6kyx_PxBMcaWC1fnCEa5kAEbCITlmO2NoKXQmxuhy3cGXv1CMZoEWZ5KF0TRqhI1HCfH6i3WKOOe_Jaw5IykkbBG357Ej13sLbGwlEwC_qyDcZodkrC0OO3mj_LXBd_02PjYecgPTb5UgDd_lXdh81YrwquzT5cw5aku6YEQ_1a7s5EIeLsH2raSVBPT9tB7jcWPn0MC14UMVg0EawfJRQXZdWzgKe9oJxwdJ7lsASvQp4S5YNZ98jP2LSqfU3lPYepwvl8IJQWROiVKZTYXeqXwc5pwZ90f7fP1nlhSW9A.FC8p5LJ7jrWxHg0y0FEcPM3ACxIYzfLsTYxGFRAgRy4&dib_tag=se&keywords=lego+75376&qid=1748079225&sprefix=lego+75376%2Caps%2C99&sr=8-4
75246,Death Star Canon,Le canon de l'Étoile Noire,sw,https://www.lego.com/cdn/cs/set/assets/blt8894451fe7dbded9/75246_alt1.jpg?format=webply&fit=bounds&quality=60&width=800&height=800&dpr=2,2019,159,7+,https://www.amazon.fr/LEGO-75246-Canon-l%C3%89toile-Mort/dp/B07NDBFFDL/ref=sr_1_1_mod_primary_new?__mk_fr_FR=%C3%85M%C3%85%C5%BD%C3%95%C3%91&crid=3CY3HAZF0SDFZ&dib=eyJ2IjoiMSJ9.agHTz2_sTM7d1b8wXuuz3YfCq6cDFYzLzRRe2Y2kjdoOU6RHgr_CdKGnhWpQ8FjWaMA-efRoEeoD8DvsxkxmizxRFMVTaeVEWkmJOQLxcEI.-EEqabYy49lcUdhm4iT7Dizph5QggWms1La46azuLrk&dib_tag=se&keywords=lego+75246&qid=1750354248&sbo=RZvfv%2F%2FHxDF%2BO5021pAnSA%3D%3D&sprefix=lego+75246%2Caps%2C94&sr=8-1
75252,Imperial Star Destroyer,Destroyer Stellaire Impérial,sw,https://www.lego.com/cdn/cs/set/assets/blt40f9e43bbfb9020b/75252_alt1.jpg?format=webply&fit=bounds&quality=60&width=800&height=800&dpr=2,2019,4784,16+,https://www.amazon.fr/Lego-Star-75252-Confidential-Multicolore/dp/B07G3S9XPP/ref=sr_1_2?__mk_fr_FR=%C3%85M%C3%85%C5%BD%C3%95%C3%91&crid=1KDRWT3QIB36I&dib=eyJ2IjoiMSJ9.GqHThP0jvkemWofrrDgSuOxsAjAbRQD4oyuT3zFNWisd8FMDMgeJMWKtaeS2m_0YTum8QEY2maWzz_4q01TeV63PNo-vZLeR5bY41hz4XEHg3QWN9go53Duc7tFbTiqgXJegPL0bkh4YPxxpmBiX_gsnjnaJdI06s1hilqILo0A9k6v0A-hM-JnnMtqKAdmj8t7maHR1fPKaQbA99bCzjZItYw6Lv82pth1pMYqPdYGIcC51OGCBab88GZTTIDzjn3E39DI2sxU9E_IjJ15RzPomyne8E3PXHUQBojSx5Ww.IbfHzzwhRd6pSTuo_WfOEHtAjVQa0yBHlBF0-5_93JE&dib_tag=se&keywords=lego+75252&qid=1750352606&sprefix=lego+75252%2Caps%2C124&sr=8-2
75257,Millenium Falcon,Faucon Millenium,sw,https://www.lego.com/cdn/cs/set/assets/blt4c5f96799b1e87fb/75257_alt1.jpg?format=webply&fit=bounds&quality=60&width=800&height=800&dpr=2,2019,1353,9+,https://www.amazon.fr/Bonbell-Lego-Star-Wars-Minifigures/dp/B07QQ396NH/ref=sr_1_2_mod_primary_new?__mk_fr_FR=%C3%85M%C3%85%C5%BD%C3%95%C3%91&crid=1DYEWZKCR2M1T&dib=eyJ2IjoiMSJ9.i9Iw5ZufTd9jq3eJnuRFn2oSw7O2tZKC9AlUklgr9KMLi9MgwuO0YDubyi4ZIO28n8wWHfEHQcCvulgYAB3YjBH-ZAcKqeBNw5pIHGtECj-rAoD77zHb125KNjOPkQbn62ppiNQPOXc39FGd58_wl1lUYil_2cV95heZ07gN63lmipoSvZ_-ISH2TNQeDOQVgnWuS_NwKMaYD3110DbSrJFJLc-kpULDWnUtO43PZxSlRoEbPEE0j7AhiCTbQ9MGkbgE_4r38PA5SV4qwxEHNTiNACZ8Ch8XovQODAzwaUU.8Yr9XgwzaFBLubZL4nKp23V2I0lmrpuzw5M6IFQooFM&dib_tag=se&keywords=lego%2B75257&qid=1748080066&sbo=RZvfv%2F%2FHxDF%2BO5021pAnSA%3D%3D&sprefix=lego%2B75257%2Caps%2C89&sr=8-2&th=1
75258,Anakin's Podracer - 20th Anniversary Edition,Le Module de Course d'Anakin - Édition 20ème Anniversaire,sw,https://www.lego.com/cdn/cs/set/assets/blt5aa604b658aa75f2/75258_alt1.jpg?format=webply&fit=bounds&quality=60&width=800&height=800&dpr=2,2019,279,7+,https://www.amazon.fr/LEGO-75258/dp/B07FNMXK7Z/ref=sr_1_3?__mk_fr_FR=%C3%85M%C3%85%C5%BD%C3%95%C3%91&crid=1H1KG45LEWC8Q&dib=eyJ2IjoiMSJ9.UeEKGGRb-ujuv6hE-GqHdjRReVj_IaHWgv75lBWiaEgKC9olaIqQ92-osaj9YEkjwm4O_AdzkgJtPS2mdEAAMu4FhDYowoMNIK7nh2zpn3abnQNS2sgA7Oj3lYPcE7ar0tIKlkHqa-jhxfOJ25kGUKw_0LprTr-_YX-HdhMoFBy3WBy1U2MKmJiBWjYrFIWi8lxYB8eKdEhgOW-MNvjktykO6PEB_a3yR6MHCDpQgZaMTJDzZOkUx5wCzlIuGChYMbSR3KJ512kFWx8uNyUjgwTaei1pbVmoHkMCBYuVWjA._XeMMmHYaDnFn7dbc3F6eM8FRocfhMRUhIrEMANYYDg&dib_tag=se&keywords=lego+75258&qid=1750354102&sprefix=lego+75258%2Caps%2C95&sr=8-3
75259,Snowspeeder - 20th Anniversary Edition,Snowspeeder - Édition 20ème Anniversaire,sw,https://www.lego.com/cdn/cs/set/assets/bltd6efa87ec470f689/75259_alt1.jpg?format=webply&fit=bounds&quality=60&width=800&height=800&dpr=2,2019,309,7+,https://www.amazon.fr/LEGO-75259/dp/B07FP6L58W/ref=sr_1_2?__mk_fr_FR=%C3%85M%C3%85%C5%BD%C3%95%C3%91&crid=KFR295J63K2&dib=eyJ2IjoiMSJ9.ZQu6dqjawk3-mpsd05L2sDcvqZNImf6T7rGfND6LOOj_VfpzGFjvsjHc6qT1oZU-FNo0u6uKFUUSid4_aLnLLZs-PCeWzrrnR0QpFYNLjs6iggeWCdz27zebsC6bKc27UJZpB6Q4vzcZWZoBw4XpIw.GNzoX3Pdzdi_6dEdsZnNezQllj_gysVJJeEpLdK9jho&dib_tag=se&keywords=lego+75259&qid=1750340106&sprefix=lego+75259%2Caps%2C97&sr=8-2
75261,Clone Scout Walker,Marcheur de Reconnaissance des Clones,sw,https://www.lego.com/cdn/cs/set/assets/blt8cfc6195434c9dc5/75261_alt1.jpg?format=webply&fit=bounds&quality=60&width=800&height=800&dpr=2,2019,250,6+,https://www.amazon.fr/LEGO-75261/dp/B07FNWJ12N/ref=sr_1_1?__mk_fr_FR=%C3%85M%C3%85%C5%BD%C3%95%C3%91&crid=1MR01YIXPS0YN&dib=eyJ2IjoiMSJ9.rnG2G_IFmCCk_UkjM8NNMMAz5zxfYhkx9nSk39C_wtSfXgsfY97mKLSQJqnE1MiLDAvWugMrKx-gjFu78E7GP-uRVo_arCht5_ivDxss_TE.C7E7GuK3ovrWmjOvZ6pLkxGyZs5kNny4dQH36T2svxE&dib_tag=se&keywords=lego+75261&qid=1750332404&sprefix=lego+75261%2Caps%2C61&sr=8-1
75269,Duel on Mustafar,Duel sur Mustafar,sw,https://www.lego.com/cdn/cs/set/assets/blt5a58392097af6ce5/75269_alt1.jpg?format=webply&fit=bounds&quality=60&width=800&height=800&dpr=2,2020,208,7+,https://www.amazon.fr/LEGO-75269-figurines-Skywalker-Minifigures/dp/B07W7TN6HQ/ref=sr_1_2?__mk_fr_FR=%C3%85M%C3%85%C5%BD%C3%95%C3%91&crid=9W0IH0MIHPRG&dib=eyJ2IjoiMSJ9.Sdi0GZZecr5JQqvU9XxJ-OQSD5n-nmhX-NQDvSeC3oGVUb1GFf6Oi2DCDzN87Hwh7iClq5zrlNstszmpHza1BoIJN6NAAib9EiWRaRZ3j_E.rKN0fXf-uvclpc2v0F8QGTLcgQ6ZrSy0eEf6wzIU19s&dib_tag=se&keywords=lego+75269&qid=1750353933&sprefix=lego+75269%2Caps%2C97&sr=8-2
75270,Obi-Wan's Hutt,La Maison d'Obi-Wan,sw,https://www.lego.com/cdn/cs/set/assets/blt6d5013c005628aa0/75270_alt1.jpg?format=webply&fit=bounds&quality=60&width=800&height=800&dpr=2,2020,200,7+,https://www.amazon.fr/LEGO-75270-construction-hologramme-princesse/dp/B07WLJJX8V/ref=sr_1_2_mod_primary_new?__mk_fr_FR=%C3%85M%C3%85%C5%BD%C3%95%C3%91&crid=3VZNSHFG1IRQD&dib=eyJ2IjoiMSJ9.uvHovRCSi7uBmgFeF6fVZxwBwiUJ4owjLpHOh5DnVOGavFLgAlblSvgX1XU7LH700QI2jrdHXxsWwcUYQTpy1QGVwJkSYMnjqWrAenAo19o4z1K5et74679_xcjhuAS0OTVltPEC8hEnLWibz0lFL4WsLtOIXo0ScOX8gC_nThKKCnMbquvlsdAuzc3y5PlBxQZHNL9zFpMlOF-Cqtik1BUqppDH926L84iFJrZaR-XIhcfH9G-6xcsW4Rlw5Mdy.5iSavCdUhPgkgFQnszT4nI6_8IYyge__GEDNsfYDZpE&dib_tag=se&keywords=lego+75270&qid=1750357580&sbo=RZvfv%2F%2FHxDF%2BO5021pAnSA%3D%3D&sprefix=lego+75270%2Caps%2C103&sr=8-2
75271,Luke Skywalker's Landspeeder,Le Landspeeder de Luke Skywalker,sw,https://www.lego.com/cdn/cs/set/assets/bltf52371dab8e2f1cb/75271_alt1.jpg?format=webply&fit=bounds&quality=60&width=800&height=800&dpr=2,2020,236,7+,https://www.amazon.fr/Lego-75173-Jeu-Construction-Star-Landspeeder/dp/B01J41KIIE/ref=sr_1_4?__mk_fr_FR=%C3%85M%C3%85%C5%BD%C3%95%C3%91&crid=1CR3AI8N47COD&dib=eyJ2IjoiMSJ9.kDdeXMRZdy-1F4-BPqRmCdDuljPSn4wZ-Ai7fMtPprfge8kTo475FcBu77jbLSuccwvGOllUqp-DuiwMyQyNF9xz3TZTgs2g6YaTd3YSHImpZ1vOwZGUkMpVB6W916XIeDBYq0ZZAMmgUpa0C33F6g.cr_CJJ8lbvGY92Y39Cvl5_A_Ne8qVr6YiLzCc7BEl2Q&dib_tag=se&keywords=lego+75271&qid=1750357974&sprefix=lego+75271%2Caps%2C89&sr=8-4
75274,TIE Fighter Pilot,Casque de Pilote de Chasseur TIE,sw,https://www.lego.com/cdn/cs/set/assets/blte3c3883787138aa8/75274_alt1.jpg?format=webply&fit=bounds&quality=60&width=800&height=800&dpr=2,2020,724,18+,https://www.amazon.fr/LEGO-Star-Casque-Fighter-75274/dp/B085LGR5TT/ref=sr_1_2?__mk_fr_FR=%C3%85M%C3%85%C5%BD%C3%95%C3%91&crid=ROHZM2T77DF4&dib=eyJ2IjoiMSJ9.sfbhkI9ANIqu_LfvTyg0Luf7SmF0Qn66AMVEj1pm0m-G2pUVCEXYmrBxhkTaMgHZeInFEJy8BZ2eiFD_8nFHHxCoM-5j3HXFvp34SchP1rcYCRyKXjkH8e17H04skzkLQb9DDCr0n3qjqQzqVw_C_gFjBnkP8QMzmQcCmivZBRqXyCn7bp3E-kWZkbijYeLdtImGt06oxe22qZTQ3LAyyEOjoWlnQQIXOmG4z6jXA1NMxSaffJuio_1lMHPmpw4yIOHxxisRvPdOk5wo5x4oOPNEth2WKqMsdDorGFDrJVw.mPEW1mjDpjWrmT0VzJ-r7Qxn5L8OCB5jDUzcjOs7SZ8&dib_tag=se&keywords=lego+75274&qid=1750358191&sprefix=lego+75274%2Caps%2C62&sr=8-2
75275,A-Wing Starfighter,Chasseur Stellaire A-Wing,sw,https://www.lego.com/cdn/cs/set/assets/blt074fbdc36d202b99/75275_alt1.jpg?format=webply&fit=bounds&quality=60&width=800&height=800&dpr=2,2020,1673,18+,https://www.amazon.fr/LEGO-75275-Wing-Starfighter-pi%C3%A8ces/dp/B087ZN6GH3/ref=sr_1_2_mod_primary_new?__mk_fr_FR=%C3%85M%C3%85%C5%BD%C3%95%C3%91&crid=2N1GUFVBO0EI4&dib=eyJ2IjoiMSJ9.nubDSE1V_gqaxUjKKSCYOXhrgYp0x5XSrU6yfhTYOoAdVP3EQshbIbpNJrJsjeYAvsROPMNQLWjJDxz_fRmKwrczcadpMRsO6Dl8xL585gqMhxJ1O-Qqtz8vGtd11_PKN55KaceqNT6bz3YCDnYG0K608vtvFBC-AwsqylvqwFuYa4UdnDj36BBU4aLPkVIEgTAwx_EovmdvTEI336ut3AcFi_AGb1juj9H5vrHlRvpmje-QxqYlRX1QtGS75kgBlVcgkDmm_8IZOPZ9sSSAleeA2uq-3TpJt-piWE38kTw.ipVW8G4uC_SB7OFP6QUHMhgzY9zpeN3W3YfXom9fEVA&dib_tag=se&keywords=lego+75275&qid=1750356285&sbo=RZvfv%2F%2FHxDF%2BO5021pAnSA%3D%3D&sprefix=lego+75275%2Caps%2C96&sr=8-2
75276,Stormtrooper,Casque de Stormtrooper,sw,https://www.lego.com/cdn/cs/set/assets/blt21b4ad9a572e129d/75276_alt1.jpg?format=webply&fit=bounds&quality=60&width=800&height=800&dpr=2,2020,647,18+,https://www.amazon.fr/LEGO-LEGO-tbd-IP-14-2020-Construction-75276-Multicolore/dp/B07XFXWK48/ref=sr_1_5?__mk_fr_FR=%C3%85M%C3%85%C5%BD%C3%95%C3%91&crid=IVYPUF4P796A&dib=eyJ2IjoiMSJ9.8aypO8nnkKifnha_LqXWurcMGnuBv4LomkJONtzHYOy_VkvYc1VLf2z6-mdlf2MaUxvtkxVrbAlu2U0fpzHmrqwSw81_xVcnfGHpB0ay4E91bFOH2AKJBzP0IJ2TrwQYwzTDLfQ09--EPstx7CJhkZ8XN9Q-Mh2P3r5LP2Mw9Ok-3G7rUGcavXk8I9KJ-20558wTQzeRQaV2JrO5Svku0NkhRnidg78sTEijm21br9cXnC603_5K6ftr-nZ60fXKiRwcXclFQM8vFthVtneqNIauIMWFtUTboFskfjELRg0.Xh3DysClAfS4GiXBfbfRULNZJSL45XQpOqxBpn0W1_w&dib_tag=se&keywords=lego+75276&qid=1750358050&sprefix=lego+75276%2Caps%2C88&sr=8-5
75277,Boba Fett,Le Casque de Boba Fett,sw,https://www.lego.com/cdn/cs/set/assets/blt124e4975845efa4e/75277_alt1.jpg?format=webply&fit=bounds&quality=60&width=800&height=800&dpr=2,2020,625,18+,https://www.amazon.fr/Lego-75277-Star-Casque-FettTM/dp/B07XFXZ4B7/ref=sr_1_2?__mk_fr_FR=%C3%85M%C3%85%C5%BD%C3%95%C3%91&crid=1CRYP2ERFOMCA&dib=eyJ2IjoiMSJ9.twsz0DlB29I5lwa_vckFUt8dgTfmuk6ecpf9G4bA_TEdCCMh3WYFCzPPCSK0NNJXdmXp0PHIo45tWnwTou8AGbmGP4izL93l_3G2jrWgB7I-lrC5HoRd5mrI5ir64mzqJaWHCG7AMfVTKDCCfRqeorpCHhS2e7IInwvBOquWswBpR7LhTGy1fq346KXliL_qQQ7OLcgaWnzdhGMogdsUtVJI9T2ZD2EvfOZT4fWHVNld9_UBRst3pvfwVFEHNC4UC9BKI3FjSTj6VrJyH5jPoHvuGSKICcvLgP3q2nlx7b0.vH3phJH6rygVG069zI9B44D8C4PeMrHXf4PsWVvfe2I&dib_tag=se&keywords=lego+75277&qid=1750358115&sprefix=lego+75277%2Caps%2C65&sr=8-2
75280,501st Legion Clone Troopers,Clone Troopers de la 501e Légion,sw,https://www.lego.com/cdn/cs/set/assets/blta0e1e3b00ba05a33/75280_alt1.jpg?format=webply&fit=bounds&quality=60&width=800&height=800&dpr=2,2020,285,7+,https://www.amazon.fr/LEGO-LEGO-tbd-IP-18-2020-Construction-75280-Multicolore/dp/B0813R6JC6/ref=sr_1_2?__mk_fr_FR=%C3%85M%C3%85%C5%BD%C3%95%C3%91&crid=M2SWJ3PEHGAX&dib=eyJ2IjoiMSJ9.WjJpbAjx-vcWKeW-MmG9MvhDcBhI_Q_1-HRpno-7uU_lf8GnnGIE_EET8h10EuQOJ6TzXVVAZyssfjZZhgNENPPpqQ-UUsybFAtTAqrKtroH6AmFZMFKsqEfkgt2UUtZ0Uoyz3OL4nLDkzoKqjXGkm54kzzQbZn0ZWTLQomd00e3ii1faNbhIl83zqo90ePxancV6kiNer_8D9GS_puUab3H1_KbgI_8mmy4WVsnFaHwSYAGLr01gyWZaoCZYJdZX_ytZUMUHr774uTHnEHxHh2adoLhHDOuJ6LolfmhCB8.cmzD_2Fco1copZXiNsrQoJ5X_d_ABKSpiLEmHaC9Wo4&dib_tag=se&keywords=lego+75280&qid=1748080153&sprefix=lego+75280%2Caps%2C95&sr=8-2
75281,Anakin's Jedi Interceptor,Intercepteur Jedi d'Anakin,sw,https://www.lego.com/cdn/cs/set/assets/blt5c66d81fc20b6f1d/75281_alt1.jpg?format=webply&fit=bounds&quality=60&width=800&height=800&dpr=2,2020,248,7+,https://www.amazon.fr/LEGO-LEGO-tbd-IP-19-2020-Construction-75281-Multicolore/dp/B0813R8PHT/ref=sr_1_2?__mk_fr_FR=%C3%85M%C3%85%C5%BD%C3%95%C3%91&crid=1O09FQKNB35TW&dib=eyJ2IjoiMSJ9.LIvbQxltXUfuOp88grXJc08X0ZxJSKPRiOU0gMITtNkSCszxE2zxqIvrJeyjSxvKkhc_XPz4VUBmFIeyK6bVFLn7xcQpNO1dDCouAXhQsF3PiBuBxV8akbyiTQaIRqY4x18A368jlHn6atJOLTKhebdtjqB1iSv704o595dl_hL-MwdMEl9cwtZdi3A2btJY8rwW5ztsBDQ2GV3WbqpQ91sDUJoIk0d5PHbExBn0KoybcrgyIoBV_n5OSmLTU9yYfY8Vd1AHKtREuSVyMjVv4vnnpgx7MoggZhfvOprhRPo.M1i5DYfTcVfYUGZeJZVYnqn45gOHYkM-AOP28o_yncg&dib_tag=se&keywords=lego+75281&qid=1750357191&sprefix=lego+75281%2Caps%2C93&sr=8-2
75283,Armored Assault Tank (AAT),Char d'Assaut Blindé (CAB),sw,https://www.lego.com/cdn/cs/set/assets/blt24d8bc670e38f6bc/75283_alt1.jpg?format=webply&fit=bounds&quality=60&width=800&height=800&dpr=2,2020,286,7+,https://www.amazon.fr/LEGO-LEGO-tbd-IP-20-2020-Construction-75283-Multicolore/dp/B081P5P1SM/ref=sr_1_2?__mk_fr_FR=%C3%85M%C3%85%C5%BD%C3%95%C3%91&crid=K71NRNQQGH7X&dib=eyJ2IjoiMSJ9.0FMbuNww5ppjoZ4MVEWBQY-iweJMuAq75fIIybH4WKhx5u_AwhnO2gJQd3BLTdZigrZrXc8n0O05TCFszPhlWcsjiUympg1ZdJ1LhxeXf3ChcG_iLabDQ-TTfmWCf_MfBP3ZULVVIiARYT4VDnP5X2yVI9UxHCyj19gkgHv0vT3kGdMt6o-j4plo6ZdVXsjfJlJBfRpSE6toAZp2xX39avofV1HsTvIvbyJlmJK2Ozg.qZM5BuWhca1PLYfu3l--BjB7fIGYaVTrPkvHQVa0qPg&dib_tag=se&keywords=lego+75283&qid=1750356868&sprefix=lego+75283%2Caps%2C109&sr=8-2
75286,General Grievous's Starfighter,Chasseur Stellaire du Général Grievous,sw,https://www.lego.com/cdn/cs/set/assets/bltc2fe0790796d8f09/75286_alt1.jpg?format=webply&fit=bounds&quality=60&width=800&height=800&dpr=2,2020,487,9+,https://www.amazon.fr/LEGO-75286-Chasseur-stellaire-Grievous/dp/B0858MZ2T9/ref=sr_1_6_mod_primary_new?__mk_fr_FR=%C3%85M%C3%85%C5%BD%C3%95%C3%91&crid=1ZKU6FWHO1LB2&dib=eyJ2IjoiMSJ9.i3SOmHc13I6xk0xBCSuqnyaMVpYcGVg4SpljNukNtdDvF3txX0KnowofPJyedDuRSzDH_4_ESN6H0iykjXkfU1Br1Djiu5hLyULHRN57CR7_3I1bR6eQxE5M7aA3X8XrcLKfw2E2175DZNbNcPRYne30kyk8yr69pNvDu2yPCyofOm6TxboNhLOSFnu_v9ievAi2U9nFWn0CfgSVO_mtXKnSy2WEFjNL_hOi4OQaQ4A.CBfC-9yoVOaxmforP_NC07G8VZc5tuB_sOunT3HVe8Y&dib_tag=se&keywords=lego+75286&qid=1750352850&sbo=RZvfv%2F%2FHxDF%2BO5021pAnSA%3D%3D&sprefix=lego+75286%2Caps%2C93&sr=8-6
75288,AT-AT,TB-TT,sw,https://www.lego.com/cdn/cs/set/assets/blt25ff8d2afe2e0506/75288_alt1.jpg?format=webply&fit=bounds&quality=60&width=800&height=800&dpr=2,2020,1267,10+,https://www.amazon.fr/LEGO-Star-Wars-at-at-Construction/dp/B0813Q5JKX/ref=sr_1_2_mod_primary_new?__mk_fr_FR=%C3%85M%C3%85%C5%BD%C3%95%C3%91&crid=7PBUT3E1WGVZ&dib=eyJ2IjoiMSJ9.YAMijOYLQuLZmKj-hmm8Q6Nt-XM_zA_GGRx0wUMvbzOeXKoDsgAWr8-ourdh5Eejx1Gdm6E8Tejuh9btX4pnJOiveFo16OcZaBY3nZxasFAiD1ByFCvted2mLRrGinKnhwIQePXGdMZ4csmbiH_ioC3NRJb4SAhtz8dnFpfSdhB2jbgLyra_0uecvdN8ibKq_9EJhe_3_Ptgc6rvmYZH-Q5fnx7clYpDNWeH1AneJdoxw5QgRU3-I-EsEWpbTsPEr7Jf6JTYTyvAy63A_Uj0uWLzeFt23qX5TI-_DLmjqZE.UuKsSaEE4J0ES0GfBbIUELXiKwlmsXaTmf12tYDaMzM&dib_tag=se&keywords=lego+75288&qid=1750353420&sbo=RZvfv%2F%2FHxDF%2BO5021pAnSA%3D%3D&sprefix=lego+75288%2Caps%2C96&sr=8-2
75290,Mos Eisley Cantina,La Cantina de Mos Eisley,sw,https://www.lego.com/cdn/cs/set/assets/blt11b986b03a44d8d1/75290_alt1.jpg?format=webply&fit=bounds&quality=60&width=800&height=800&dpr=2,2020,3187,18+,https://www.amazon.fr/LEGO-Star-Wars-Building-Construction/dp/B08HVXPWMP/ref=sr_1_2?__mk_fr_FR=%C3%85M%C3%85%C5%BD%C3%95%C3%91&crid=3MWRPVKQZR7KA&dib=eyJ2IjoiMSJ9.WcOpSTsPNxwAzKmfRmJSeK8AWTtBfmdvx0HXh3FPiuwzZa0Jj8JPWabrZIz6aDjZDJGIMdaX2NRyH8QGNlP8k5in2l0i3jypTfpdI1uz4VuyM5ff5nb6qwFP9737UxOtKpWkC7Zr_wTcPjcpGUCSXVVuOtTop1pB6lqBAl1cNYXAFIxtwIGRrss9BImF03SV6cN8gPjxbwNwbRYeahbNQFDb9ci7a7lfy4MWiNwzmU3eDdcsgsJ9-UVwGUYdzqvVFwVtgIx3NnLYhqEKefIpVR_L5G9ZAMDxH69-WiH91ho.WewiOkZmHyfr3hQQH969EOTwpC2X_BdJZF8yB2PUjMk&dib_tag=se&keywords=lego+75290&qid=1750353109&sprefix=lego+75290%2Caps%2C178&sr=8-2
75291,Death Star Final Duel,Le Duel Final dans l'Étoile de la Mort,sw,https://www.lego.com/cdn/cs/set/assets/blt2b5768b0da98b373/75291_alt1.jpg?format=webply&fit=bounds&quality=60&width=800&height=800&dpr=2,2020,775,9+,https://www.amazon.fr/LEGO-Star-Wars-75291-L%C3%89toile/dp/B089SNPQ78/ref=sr_1_1?__mk_fr_FR=%C3%85M%C3%85%C5%BD%C3%95%C3%91&crid=3SS54GJBH16TX&dib=eyJ2IjoiMSJ9.cLScm-NBnURy7Zx_BsiK8FZ1JdG-YBd0Y3ea7Laoc3qR2p96aUJyicDAn39Cuc5Btw1J3rYrnbABsxBURdZLSJWSxIVHEqOEikqqTOwFAatm6k5mk9x6S4kxN5WYge3wXZtLjAgLVz0GQ6NCRpSvsrj5ZJ9EP05Dw5gRbKe-rO4FHy_PdVqvUlrYUWYl_sNVp8CCmpxRAcelIubn4J7srjiun1y7S-82gAAr7_5e67OEOho7-uVzpP7SQEUbrP3tHdH_uJrc-Gx8fOfNfQtoD4Zbo1vOSH_SmGY9IzQQsD4.DgJSuH7s2FoRO7joeVAq4GgJy0JMNw6515Ut_Ep9ieg&dib_tag=se&keywords=lego+75291&qid=1750352203&sprefix=lego+75291%2Caps%2C106&sr=8-1
75296,Darth Vader Meditation Chamber,La Chambre de Méditation de Dark Vador,sw,https://www.lego.com/cdn/cs/set/assets/bltded159ee292fb528/75296_alt1.jpg?format=webply&fit=bounds&quality=60&width=800&height=800&dpr=2,2021,663,18+,https://www.amazon.fr/LEGO-75296-Meditation-Collectionner-danniversaire/dp/B09787D1MW/ref=sr_1_51?crid=ZTPIUE13TL8K&dib=eyJ2IjoiMSJ9.z0IPgX5GJ-S1ywxpYn1MJIW2qcWqELpaZ0-LxV4WZbFZJeViJpW71vFh2gvZxwWQI6_Y0Pkz1d1x29aWmexlCi8XTJitWJg9YIIGXaICrDo-aFzyTqXbfOZ_3DKVSm5Aqlk9G4sQQ4IIPA3ZHN3vQpoZsUqqrJl47EzdPQmsY_pCNvVwPuFQj4axNjlJEpuqe5OEb5RrBze6gw9QgZZMq_Qf-DxJAGDlmhKXsE112TSuCkiyzpy2Yyls0piRb-5a4AbjVoANm4BTB1qGs4bg81CBQQh8cK_3zn2XyUcvHBE.h5OT-C7K6wN9-oe_aadRgzLeaciM0qjCf0w4-HMOnpk&dib_tag=se&keywords=lego+star+wars&qid=1749924770&sprefix=lego+star%2Caps%2C92&sr=8-51&xpid=bq6AFKdqL9Uqo
75300,Imperial TIE Fighter,Chasseur TIE Impérial,sw,https://www.lego.com/cdn/cs/set/assets/blted79c4df06c9ff75/75300_alt1.jpg?format=webply&fit=bounds&quality=60&width=800&height=800&dpr=2,2021,432,8+,https://www.amazon.fr/LEGO-75300-construction-Stormtrooper-figurines/dp/B08G444BQH/ref=sr_1_2?__mk_fr_FR=%C3%85M%C3%85%C5%BD%C3%95%C3%91&crid=1O7ZO53YMBLTU&dib=eyJ2IjoiMSJ9.fv831XVHHXRUMFhnzsqI5jHWYSJLavqMsEGhM2PaL2qmXaio0ORM9rE4NvQZz36jddU7uDNtv2vudDBu50mWZC0mHatzB7L6Ee4DyX1vmVuNHTd3C4M6g2jqXFahXao1MndAOh72erEDVaFHNSO1AkP6DkZxPi3oX3samkFUQG-65kPzn5n2aPJaeMPgYvXI9cbUlrdLH3Q937ReQln3kV_qE-Oxm0Wtbge8QNrUv0BaYY7VDBzORPHj5jYf6_IHHV0EZti0GAm2bO9tcuEA1M8qvt-tnQBB99su0pwWMG4.zkE4V5exLAgFRRTEuM6FW28ASrrgv77IaCU3mV480mE&dib_tag=se&keywords=lego+75300&qid=1750355330&sprefix=lego+75300%2Caps%2C102&sr=8-2
75301,Luke Skywalker's X-Wing Fighter,Le Chasseur X-Wing de Luke Skywalker,sw,https://www.lego.com/cdn/cs/set/assets/bltae1a74dbaa815f16/75301_alt1.jpg?format=webply&fit=bounds&quality=60&width=800&height=800&dpr=2,2021,474,9+,https://www.amazon.fr/LEGO-Wars75301-Skywalker-princesse-figurine/dp/B08G4GP34B/ref=sr_1_2_mod_primary_new?__mk_fr_FR=%C3%85M%C3%85%C5%BD%C3%95%C3%91&crid=223LJIMMFSLOF&dib=eyJ2IjoiMSJ9.izduYpbAW-PMWobdisPyUsBUjeN9Qp6czsCLSrDd1jM-YM91q32tDUcMat9FuiDk0THkl5hTjYK9o76ozLhbYbpyxFhS9fPyRvcuhOCDqpTfUovlWolzcgOTB8XUwx40QE7T12wO2tFGhAyhsPC-LIsFcAFfma6kDD8UIx_0Qr-NGzS712YTOvytpxft4nhFGRdiuYYe9X768bsTJq9QsfqIv0Z3r8zV-7q_iXbcEE3RJeCnIDmLNMPB2bphoOALnAvCsMU8nMboFfogTTk4tIeYf-oNdimSGe8U4ERfgxo.iMSCKXtAH_-gAinrU2HIC6rTgT06pVqMCEASZVv_JWc&dib_tag=se&keywords=lego+75301&qid=1750357797&sbo=RZvfv%2F%2FHxDF%2BO5021pAnSA%3D%3D&sprefix=lego+75301%2Caps%2C92&sr=8-2
75302,Impérial Shuttle,La Navette Impériale,sw,https://www.lego.com/cdn/cs/set/assets/blta4b45d8adcce74c1/75302_alt1.jpg?format=webply&fit=bounds&quality=60&width=800&height=800&dpr=2,2021,660,9+,https://www.amazon.fr/LEGO-75302-Imp%C3%A9riale-Construction-Minifigurines/dp/B08G4CXG4P/ref=sr_1_2?__mk_fr_FR=%C3%85M%C3%85%C5%BD%C3%95%C3%91&crid=LCDW2SETTVUX&dib=eyJ2IjoiMSJ9.QFyCpVdXX3SS1HYyvI1Mz8VyyjQvrAawKhnTPB53hLfA-8cSdUOvGWwax1NAcXS-eInFEJy8BZ2eiFD_8nFHH26MSvKD2nWNXhbVJLBBLprN39MfTcRqlgAsBC0qCPAZHyI3_QwDbFSUauy28oGskue8ZqpWk4LDgdZSdoUWut5suFBzL1ydCGyhmG-rnd-cGRdiuYYe9X768bsTJq9QsbhqMYdSEbHlGqg2G4yb3jClrFzkfWMksj5XVMDu1IzIg0UTLhy0S1FY6m2gfVb52TArf9NN48wGdbySwSl9f34.jAJwHkKjTY7uGIFFNhODaZBBMOJh4tUUxwvt1T9gz6w&dib_tag=se&keywords=lego+75302&qid=1750357413&sprefix=lego+75302%2Caps%2C112&sr=8-2
75304,Darth Vader,Le Casque de Dark Vador,sw,https://www.lego.com/cdn/cs/set/assets/blt158beca93b16f729/75304_alt1.jpg?format=webply&fit=bounds&quality=60&width=800&height=800&dpr=2,2021,600,18+,https://www.amazon.fr/LEGO-LEGO-tbd-IP-LSW10-2021-Construction-75304-Multicolore/dp/B08G4GPS3Q/ref=sr_1_2?__mk_fr_FR=%C3%85M%C3%85%C5%BD%C3%95%C3%91&crid=22AZ9IE7PXK79&dib=eyJ2IjoiMSJ9.pPkEFr5Os-NCd78jhMUecp6ClkdCoVxdtk5u1REkql2PuGIgY2i4uQ0Vsx9dKPUtmiFtA7tMa5frI4E3gJ9QHhVhU_RToUrcc2J2W2-pJcnAc7CevkYsNseJgxbo2_y_tU8aVmO-EfmNU3GeQR75oa_1kDU7d-rE2r3LYQNVnhIGyR8PSWggwLOhFGKl0rqaPvLzX-x_Q9eO4wL3AFFIYOKbTCd4HsodJyWmdIfdrdM6jqH-PzoHxTSGV_7uHu5W4Pz3yYz-0RdLAs3M0xl17arep6w8GTJOj9FMsKUEWYA.T3wdcXnD-o3TbWXoRwtFvqbPx4pAk4DuU75-hYxrl-I&dib_tag=se&keywords=lego%2B75304&qid=1750358576&sprefix=lego%2B75304%2Caps%2C63&sr=8-2&th=1
75305,Scout Trooper,Casque de Scout Trooper,sw,https://www.lego.com/cdn/cs/set/assets/bltb809d63f331dc62f/75305_alt1.jpg?format=webply&fit=bounds&quality=60&width=800&height=800&dpr=2,2021,471,18+,https://www.amazon.fr/LEGO-LEGO-tbd-IP-LSW11-2021-Construction-75305-Multicolore/dp/B08G4GNRD4/ref=sr_1_2?__mk_fr_FR=%C3%85M%C3%85%C5%BD%C3%95%C3%91&crid=2IEG4N84GQ5OW&dib=eyJ2IjoiMSJ9.6oeJxGWSn-_YXhWt0p_E8hLt6O0II6d2vVQTH1scrrGPei02QM4Ovx6OF6jxdWJ8fTCBHf1jxHfdQ1OA_3_AknqIyrpXdHJHHxkzKhbcd4Y_ffLeV62Ri9hd05qtfRV2sXMcNtlzUn-M1fWLD7AjISL_lrPpfuowPwMW62agtgNvZEgkqmFnTQyGLenw_2FbqKvwpfPPJ5zTzyjshgQ4GK33W1VtL6pReWu3c2vNAUHUoimsyc7u4pn-2t2ZHan9M5FwseerP3JbtMIdc3DCvdXElJYjt8Y463pUIOi1VgU.63GXnWI2z2Qu7CbUFM1IAUIK15OkfgVkJvDmKi-uBI0&dib_tag=se&keywords=lego+75305&qid=1750357892&sprefix=lego+75305%2Caps%2C89&sr=8-2
75306,Imperial Probe Droid,Droïde Sonde Impérial,sw,https://www.lego.com/cdn/cs/set/assets/bltf04e4b34f05d978a/75306_alt1.jpg?format=webply&fit=bounds&quality=60&width=800&height=800&dpr=2,2021,683,18+,https://www.amazon.fr/LEGO-LEGO-tbd-IP-LSW12-2021-Construction-75306-Multicolore/dp/B08G46Q9YD/ref=sr_1_1?__mk_fr_FR=%C3%85M%C3%85%C5%BD%C3%95%C3%91&crid=IK93S8AOX0CS&dib=eyJ2IjoiMSJ9.L6v-n2in6cmb36OCUGE_Sp12WQH27eowUCIY62LCr_yovxG--8A-jSYkLieMZTvIkTZAakSN0HCxeTi1rbFO-zPCaCtJxPNiHT_H08OT-wkUmnE5zLlrYjQa_2DK4PqPg8n_MASCVF2MUa22V8PXNqRdCjejrPd2EroAVXZcGDT54WC_di49bkS55WEwdJi3NTr4dzdaB2wXPJisF1_BCVvnTyVSKLCoYgEe2H9oYkgmJ4n2k7HtSC3uU2uv5tKWj41_G7B-0KKyHeO9HwI_kvAsO2sQ-0r9f9wc2J1QAH2zWbqwQxtYvnX7Xk6eEmu5wd8bICIOPza1ITIx9fOdpbfWzaY_Qhaq9NflxxOMEmLScscjXP6mm4kjIv7GZwk5xsHJ9q0TTDOaeuk9KG40OabLmnCKh3DqSUI55VQa0bZnuAwZn6n3Kt9XGAms4qyt.VAXoKOLIKqxE3XkASgKzucd6skmh0Qb-CnQbK7O2Bao&dib_tag=se&keywords=lego%2B75306&qid=1740505439&sprefix=lego%2B75306%2Caps%2C67&sr=8-1&th=1
75308,R2-D2,R2-D2,sw,https://www.lego.com/cdn/cs/set/assets/blt3800f9194fcb8a8d/75308_alt1.jpg?format=webply&fit=bounds&quality=60&width=800&height=800&dpr=2,2021,2314,18+,https://www.amazon.fr/LEGO-R2-D2-Collectible-Building-Pieces/dp/B08STSYGLS/ref=sr_1_2?__mk_fr_FR=%C3%85M%C3%85%C5%BD%C3%95%C3%91&crid=1HOJ8A7XYMUB5&dib=eyJ2IjoiMSJ9.jKD1BSs0CNLNiT1c1ph5CtyH9mOmt5Pr7IlZjNAk4ujcQK2sFhSPEY559Lpv9HT3TtOIIe-yo_kFdOO-uPOZBk5lGBm2f0UyNX-JJ_66D2hzDNxHpTA3MpeEKGjRSQvwq4f0XBZyJ5oFt4qpnfAp8jGiMrKu2Ru_F3lXR-PqRHOk7BNT6rqIxKSIATxJQzV7dhRml2o_D0b8JUKO0WZtlf6Fb7ftcuo26YCza0_T-r1YTz_lUs-CGCZp2UTWPa1xshwzX4bxsu3S1_hW40b5Mbkh7cGufeAH_HZ3cbV96JQ.Fu0zImMOVU5EnMNLqN0AJpOmJ_LRvPUAu5R-y5AvG54&dib_tag=se&keywords=lego+75308&qid=1750358539&sprefix=lego+75308%2Caps%2C100&sr=8-2
75309,Republic Gunship,Cannonière de la République,sw,https://www.lego.com/cdn/cs/set/assets/blt4b90c515304ac9da/75309_alt1.jpg?format=webply&fit=bounds&quality=60&width=800&height=800&dpr=2,2021,3292,18+,https://www.amazon.fr/Lego-Star-Republic-Gunship-75309/dp/B09BLSZ8QN/ref=sr_1_2_mod_primary_new?__mk_fr_FR=%C3%85M%C3%85%C5%BD%C3%95%C3%91&crid=26UIUKTH973T9&dib=eyJ2IjoiMSJ9.6qcea-r44yPcTo9lLPI2_K6d8tMvPw03x7hcq6CiiFluJh4FGk99kobtf9DUrbBbyLe87b_myterDiL8QSc11sowI62oh3uTU8Drg-RsELRGv5S88QJ_3e7BX_pw0g9uG51lPVfFBlghqYkdpSiGgBgBvFpFNmxEgGFppSlZGTThugB4Zsjhp_2Qc2Yt4AV7-ylLsVKkQfl1Hiu3Mn3sB-5aVut4VbZKM14mzORwb5HexGUhcPx4_l_Ssp0KyFBCnM6jk3tU9p83LH36MLaLyaAAgM_5eCybAJBsbBLEKlc.zyWxyj7kvPaalPnHZAsrVgW4i_SZXE8ZqPa-5WvBbZw&dib_tag=se&keywords=lego+75309&qid=1750353267&sbo=RZvfv%2F%2FHxDF%2BO5021pAnSA%3D%3D&sprefix=lego+75309%2Caps%2C111&sr=8-2
75312,Boba Fett's Starship,Le Vaisseau de Boba Fett,sw,https://www.lego.com/cdn/cs/set/assets/blt52403f72be02158d/75312_alt1.jpg?format=webply&fit=bounds&quality=60&width=800&height=800&dpr=2,2021,593,9+,https://www.amazon.fr/LEGO-Starship-construction-amusant-enfants/dp/B08YP8HGLV/ref=sr_1_2?__mk_fr_FR=%C3%85M%C3%85%C5%BD%C3%95%C3%91&crid=3T7WYDZW4AZ4&dib=eyJ2IjoiMSJ9.FANRZv5gnOFgne5Ebn6g7_DDXt3kWL59yvxfbxo8Hlo8l5gDJjfUi-wofF79u7l50Xx04_9k9JU6nf8ZWMGct0eD50UqEGwHTn5H77vUpv6AWK_gjbVFu1LZarbNiipV3NjCvn9YC5bN3p7iZ6oL0jXc6N_C8B5NW_x7eiuTcll2ssVwFF5N5LyuXMceYfgo2bhE-JMMnzosb0QsQysr9LuoMMpeF9bSal4KHLgdA1gA-c7GFNVGAFSH6CcH0-1b_vvZkCL5SQQpvwtXnWR5_qy6NSc7Z7MuNaaWWu77S650wO5ymjPcbaM5EH6hLNKIsrnSgC_A492_kdMj_KQegAL_LLZSjpdtjuBU7jeFTQgW13QMeUv_YOCvxDtMBPfrSGeskM8JR6vGB8q_Y0aO0vxXQ96NVHaAEfpbucXeQvDe9l214MVHL73YkJp35tCQ.cDC1RBohygi8rGNT8P3mzIlUGsuBuRq6ypUuHl4pIFI&dib_tag=se&keywords=lego+75312&qid=1740505412&sprefix=lego+75312%2Caps%2C63&sr=8-2
75313,AT-AT,TB-TT,sw,https://www.lego.com/cdn/cs/set/assets/blt2c75f7c81f1e3871/75313_Box1_v29.jpg?format=webply&fit=bounds&quality=60&width=800&height=800&dpr=2,2021,6785,18+,https://www.amazon.fr/LEGO-construire-collection-construction-pr%C3%A9sentation/dp/B09JKZ62H7/ref=sr_1_1?__mk_fr_FR=%C3%85M%C3%85%C5%BD%C3%95%C3%91&crid=8NWT9P57BLXJ&dib=eyJ2IjoiMSJ9.fDGsQIAAcPL9VZWu3JZURnu-b0PjdiIAQUcNjSiQUPDOw9Ce4p2_DoNtX5UuI4NrMM8gd3qhBgaN7CjEfNIkd7jt8yHbWGyFDL9SPRXRS_kOlsHq2LtUBGKj_xvQY3snUp1g896XlwNdDdtwW9FYcatusaoJMTi0KIfCEP5dsK9Y8p7KhRClgOjkR4VA0QHXSL1LAB18zpEKQBpBnhAhtvzNHrYLJIQ3ygqRiaecYXlKbgCzCAD5o0xj56Q4AwLB3GPPED_H7xx3fK-9Hb6ux-5m075YVHl10rJCdNpeK08.BVJb00ftPfLYg9drxOk-lRVzUlfvCFUxXp9MsM9rJ7M&dib_tag=se&keywords=lego+75313&qid=1750339463&sprefix=lego+75313%2Caps%2C105&sr=8-1
75320,Snowtrooper Battle Pack,Pack de Combat des Snowtroopers,sw,https://www.lego.com/cdn/cs/set/assets/blt13ab8281b1cfaf86/75320_Box1_v39.png?format=webply&fit=bounds&quality=60&width=800&height=800&dpr=2,2022,105,6+,https://www.amazon.fr/LEGO-75320-Snowtrooper-Collector-Figurines/dp/B09BNX9FLF/ref=sr_1_2?__mk_fr_FR=%C3%85M%C3%85%C5%BD%C3%95%C3%91&crid=1URHXPQEC4UVV&dib=eyJ2IjoiMSJ9.bBpeTyZpexPrdcHCn9ZPseKOD4HO_Lk2gTh907IMRk1Ceiq7tvuElScB6vcWucVY-NtFQXRxZ6T1pIfejIrPWNhjVTOypVOXY2CO-QfrxLwWSaifcSfxqH6GbIFN73syaxrDTM1SgKSGLg945_33pJ2FUi7K7gTZbcRWum8uWUjdgghKfPINMB2OupjgSWkAnPE7DnKIzErtELQi5Uq7N31qs9dZ6Cykjg8FSS_mgwIhpkDc9NuukbL_tt_Ai54803Y3Mei8ScmwMqLRxHE4TVH1X-4Y0jKehOeeDPjLp0QsE6GB2al1llgfNWZA3nN6LfzlRs797_HwrsOtWSe01EGCgC9urAlYbiMUrCfbf6mWoAWxm6VKdpHJFi3Cr7dMPzYmEPvpLHdqtAM7d8w3bXr2CsJtG4yssXA-kyvJY2JZLIdHv1P59oF5jG4PlRZU._1fP5Q4ZufvAXexAcc5y-qiXxW4w6x0GKnSQOHhN18U&dib_tag=se&keywords=lego%2B40558&qid=1740505265&sprefix=lego%2B40558%2Caps%2C77&sr=8-2&th=1
75322,Hoth AT-ST,TR-TT de Hoth,sw,https://www.lego.com/cdn/cs/set/assets/blt91ca9cf89e9ab9a0/75322_Box1_v39.png?format=webply&fit=bounds&quality=60&width=800&height=800&dpr=2,2022,586,9+,https://www.amazon.fr/LEGO-75322-Construction-Minifigure-Contre-Attaque/dp/B09BNTTSWC/ref=sr_1_1?__mk_fr_FR=%C3%85M%C3%85%C5%BD%C3%95%C3%91&crid=V7OUQGRO9I8W&dib=eyJ2IjoiMSJ9.OKW7E8lT5xHtActx0ZAd2uFwAQrZQaBqSBg17-VJkEm1wFjrh-NArGN-GTg_igHBDUOc-EkWXp4ttDpH6dJNYV2BIJBaP9yXSFehW2LYM78c0VKQR3uXLNXZLfkdi34M8jzYxmuod5kl2h1zZFpRP_mpMxY-U92f_q5Ukmh6cq38gqKihWYwfVuuFMhzvWr5OURkni1oXFxXLxWR4nfbuxYNM9myxQIUwsyPZJzPZ1iILui9iS1UIuBoTp0w-NBMbHxI9ckYlABMHWGEhx4IlN0ZcSL0I-5H86EMxqxUC88M_wdDKk_dViNb7yC9OqErtJW_n7buqcNzn6PZdiElcZj--qR2KYKTA3m_LZZ8J7J9ozObQubvJ3EGWD7jFzcKGVyexyri84mBfat_LEV7JI65hj1TybYrrXG5LCB1iZf67V-gC-E7nsIbOELxdcSv.yu9KZZ3i5Ghh4MOBhekjDSSZQh2fPDttU-gE8aMAWsg&dib_tag=se&keywords=lego+75322&qid=1740505326&sprefix=lego+75322%2Caps%2C70&sr=8-1
75327,Luke Skywalker (Red Five),Le Casque de Luke Skywalker (Red Cinq),sw,https://www.lego.com/cdn/cs/set/assets/bltd75065a8a7bac2a2/75327_alt1.png?format=webply&fit=bounds&quality=60&width=800&height=800&dpr=2,2022,675,18+,https://www.amazon.fr/LEGO-75327-Collection-Construire-D%C3%A9coration/dp/B09BNY3PTN/ref=sr_1_4?__mk_fr_FR=%C3%85M%C3%85%C5%BD%C3%95%C3%91&crid=3NTRDJ44SHTIW&dib=eyJ2IjoiMSJ9.nGwVunSUWt9ibVE-pZ9SoLs_LRod1Q65T3RyP809YrdO2nxFTcpV80v2S6kIpBzicl64v8uYVGV9BnWbBhK9E9SNpzi2NtsnobAMJ9sBN5LOe6JI1ISDdA1_ikv5BqTJKooPpOm-E7EWzjYC7mJsYhQ87KVdwnz_S3_shT0CVSlsIWcAI4D8yA9zfAReQE5TBXcbOAM4hHphm5HkcsaxuyBIK19LTqrZrb5L9EMSm56iptdzb1Lr_ANGFTDSk6nlapXL3TWw3IIs2zLVeiKyEAnFdH454uM8qCCPpID15fI.4fxFLRvhODmVdFEeSjwVVyFpegeuRsE5QCgaKPNv6JI&dib_tag=se&keywords=lego+75327&qid=1750356687&sprefix=lego+40557%2Caps%2C110&sr=8-4
75329,Death Star Trench Run,Diorama de la Poursuite dans la Tranchée de l'Étoile Noire,sw,https://www.lego.com/cdn/cs/set/assets/bltcd0306a7f98dc666/75329_alt1.png?format=webply&fit=bounds&quality=60&width=800&height=800&dpr=2,2021,665,18+,https://www.amazon.fr/LEGO-75329-Jouet-de-Construction/dp/B09BNVY61H/ref=sr_1_1?__mk_fr_FR=%C3%85M%C3%85%C5%BD%C3%95%C3%91&crid=QUSRGHOEKOGM&dib=eyJ2IjoiMSJ9.cxtINo05yAaW5d_ey2KPXDYMJemmQlXwcAr3ETMuLc_uF6DO7PLOObTiIdipiylfXBOdxV46vXM_NbdmBjKD2KE-jWL4UDaqXcJUSO1mqS2nzEKxDhDG97_-UHifhioZlJHZ036I3qqWO2CUhtIfRynRpDEmDphVlI7qQs9lwUwOMaMh2qgoIThT3z8uBEgvmf9BioGKHoIJkCSh--QxyyOo_YJes0jmrxaLdy0TVredyEunc04havpkV-j9aXVWZKUySQhK2H_yXOnglwOSNbSR5MtchHdC2_yWkIXHlIccz0yMKP6gmUKAYUuCjXvnpYMygxLKojidL1b2BCpBo6jOp6YCKLHZtEw06D_hSoBH9cFAyZR0fywF5r6JgHjDl4Q2W7ON-IK5vRn6CvTR-cnP5lViV2gULQ1rVc3-f1mw26wKt3hwEAfKmu7HgdQO.Sw0PEqdMDGsqgL_3XzmLeJJIPDKzc0rYt0udTK6oUs0&dib_tag=se&keywords=lego%2BDiorama%2Bde%2Bla%2Bpoursuite%2Bdans%2Bles%2Btranch%C3%A9es%2Bde%2Bl%E2%80%99%C3%89toile%2Bde%2Bla%2BMort&qid=1740506321&sprefix=lego%2Bdiorama%2Bde%2Bla%2Bpoursuite%2Bdans%2Bles%2Btranch%C3%A9es%2Bde%2Bl%2B%C3%A9toile%2Bde%2Bla%2Bmort%2Caps%2C121&sr=8-1&th=1
75330,Dagobah Jedi Training,Diorama de l'Entrainement Jedi sur Dagobah,sw,https://www.lego.com/cdn/cs/set/assets/blt852561a701479a65/75330_alt1.png?format=webply&fit=bounds&quality=60&width=800&height=800&dpr=2,2022,1000,18+,https://www.amazon.fr/LEGO-75330-Jouet-de-Construction/dp/B09BNXJGB2/ref=sr_1_3?__mk_fr_FR=%C3%85M%C3%85%C5%BD%C3%95%C3%91&crid=36KHBV59S2GLK&dib=eyJ2IjoiMSJ9.a0Bw4svcauPd8fTFI4KQe4sZFpiq9P_lrcNJYx5-1yZbY6yTyIbfb_Isiz0bQQgNFbVAksmYWcWILobkNIKDHD4b4Ae3GXBvdJVlserFFWL0nISU0V8-TEnj5pMpQW2WD7WmwJUw7ybkrldHQu45I_R9pQ5g7veHUS_8b6Yopj0ysnPqQJXQd26k6P_j25tNbEShqiaShzftvDBz7GS5oufZ2LipzxzpKyUVBxMwiZq_HFtvl20-80yxTcmdrwVxrmXhA5PGSBbMWzmPpRQMT3BpbkPIA_SMs3kHH35u0Pw.Y3T5dDGTA3lwsE3FWalTyzbn07dQerkuHOoUWwUjqxg&dib_tag=se&keywords=lego+75330&qid=1750355580&sprefix=lego+75330%2Caps%2C149&sr=8-3
75333,Obi-Wan Kenobi's Jedi Starfighter,Chasseur Stellaire Jedi d'Obi-Wan Kenobi,sw,https://www.lego.com/cdn/cs/set/assets/blte0d47aea95802cb6/75333_alt1.png?format=webply&fit=bounds&quality=60&width=800&height=800&dpr=2,2022,282,7+,https://www.amazon.fr/LEGO-75333-Chasseur-Construction-Minifigurine/dp/B09QFXRYYH/ref=sr_1_2?__mk_fr_FR=%C3%85M%C3%85%C5%BD%C3%95%C3%91&crid=32E2U486JYUC5&dib=eyJ2IjoiMSJ9.D5kQbw_BTiBjxpamRhdjuboZ_VdlgAAnJmk-eVrc0hGcx4XHIIwLpSCUcY0CIGfYhAQfuSsJu-KqgWD3OeOAZBNv9R8pAg9W5n1-crHYMnb3ZcbRcFtpt3yZmY_qPHZA3Hq4ECL6UDmiz_za9OcBV10Pbg5pVkz2w4HSMqCUI87b0IF25e5hKQMXt3SQV-1GQYrW8cCFgj3UD7SEtMzvM8yOtdvIJGV-D4A4F6tQQZzzHmQhiiV1_OVvz6Q846t18mFn3CYSSsdP-xDTlufa-905vhzpBmsOjY5u-n3ji9E.vssZO37-06PfIYvs8jZv1lvP_yO_Hm3uKy7HHWb1M-E&dib_tag=se&keywords=lego+star+wars+75333&qid=1750327233&sprefix=lego+star+wars+75333%2Caps%2C94&sr=8-2
75337,AT-TE Walker,Marcheur RT-TT,sw,https://www.lego.com/cdn/cs/set/assets/bltf135c76ef92e5b95/75337_alt1.png?format=webply&fit=bounds&quality=60&width=800&height=800&dpr=2,2022,1082,9+,https://www.amazon.fr/LEGO-Star-Wars-Marcheur-at-Te/dp/B09QFXTYDC/ref=dp_fod_d_sccl_1/262-5802350-3198162?pd_rd_w=jLgYY&content-id=amzn1.sym.eab23df4-1fe6-4bce-babe-4bf80818a77e&pf_rd_p=eab23df4-1fe6-4bce-babe-4bf80818a77e&pf_rd_r=7NN5T144C5SB13F98R41&pd_rd_wg=iMx6g&pd_rd_r=b31eef5e-e934-46ee-a646-92f7bb0d013b&pd_rd_i=B09QFXTYDC&th=1
75339,Death Star Trash Compactor,Diorama du Compacteur de Déchets de l'Étoile Noire,sw,https://www.lego.com/cdn/cs/set/assets/blt14bdb436f0446909/75339_alt1.png?format=webply&fit=bounds&quality=60&width=800&height=800&dpr=2,2022,802,18+,https://www.amazon.fr/LEGO-Star-75339-construction-pi%C3%A8ces/dp/B0B7FZ2LNR/ref=sr_1_3?__mk_fr_FR=%C3%85M%C3%85%C5%BD%C3%95%C3%91&crid=RHPEWK19LU6Y&dib=eyJ2IjoiMSJ9.8Be4EeIok5P9KDUIXf6zMQ3y1D496YAuXvvQST1-nKpk00ytPGS5kUysmHILK3LNI04RV5Of9cCqIUArcJ2tuU1-L0pQbRKfEQSsTFHNbFBVHOpuLR7COhjZsz8219_BXnH6DCis_3NBUFb6UDkAkYO9M-DER4yF3ehwYJG4E3aWX82DYhLG2aWVDB-xGaIeRJEI2KJWDIApOM-gZdfFoXOeHlmk5d2tdTq6T2bOShCbHp9c6JyteWWgqRIsSVX3DwtdD4kU8W5fbFxDS9Wvg9Z0RAmSvteT7GmKXCFec34.zjcwLyh52_xbQVvm78wqOiaZG_ZQB_Al3CJQUv432JY&dib_tag=se&keywords=lego+75339&qid=1750357109&sprefix=lego+75339%2Caps%2C59&sr=8-3
75341,Luke Skywalker's Landspeeder,Le Landspeeder de Luke Skywalker,sw,https://www.lego.com/cdn/cs/set/assets/bltaf9f641f848b60ae/75341_alt1.png?format=webply&fit=bounds&quality=60&width=800&height=800&dpr=2,2022,1890,18+,https://www.amazon.fr/LEGO-75341-Landspeeder-Skywalker-Maquette/dp/B09ZD4NNWZ/ref=sr_1_1?__mk_fr_FR=%C3%85M%C3%85%C5%BD%C3%95%C3%91&crid=2HMEOVH19BLYZ&dib=eyJ2IjoiMSJ9.vatkvhCYJaN0mPIZ_KxRyb4Jz6AVtdoEXQAEdW__PIyEGWstaJU5X-TSy_Kt86bhAcxtIl3E2r_AIzUE4EWKiateoRMqohKSojp_ISLyLtdjAHInLWu3fD5gQxPXgl78UnSok8Nh8DfiJ992mU5KGQccCZ7kRKaislntIrcRUwo_EAI8j5rxkAfBEFXqV5AgQXauAj7srE2IorVO0iLUK9zzOuTDGpIFgwFtlpDGEN3Njqi2aGwkL7AQxzNypFApcmQwvpPKGDYnXfboK0qf6xYM8VqKMM4DYqYuT28PFdk.MbrmlWbVCpix55gyo4FW7xW2YAfIszRq2_mpnLZi1ng&dib_tag=se&keywords=lego+75341&qid=1750354383&sprefix=lego+75341%2Caps%2C104&sr=8-1
75342,Republic Fighter Tank,Char de Combat de la République,sw,https://www.lego.com/cdn/cs/set/assets/blt2bce76cfdaca71d3/75342_alt1.png?format=webply&fit=bounds&quality=60&width=800&height=800&dpr=2,2022,262,7+,https://www.amazon.fr/R%C3%A9servoir-dassaut-R%C3%A9publique-LEGO-75342/dp/B09T619YSF/ref=sr_1_2?__mk_fr_FR=%C3%85M%C3%85%C5%BD%C3%95%C3%91&crid=2CO4THRR06AGF&dib=eyJ2IjoiMSJ9.4KCRC12oKWHoPHi5eydO7TNKDZ-p2ZUDb3BKGZSYAChOCw7X8h43kqYiYbDNOhRfKXp5I6mnvfFZy-fqnzBLruU75l0XfJ7e22SCG4I7DbLUnrkyzG-tuKZGK54v_r8PuQQtsMzm4_PjvLzi80G1FEBCMn18_Qj-zuH3yexLT0XLIxAZ6H6z5IgkXbPHHHOCL5s0yZ6VkDdmqyO69BOgwqSK_6Zs7D5Zx2LagvsVfbyObrYpkOfgk6u46541HhaYASEj2FyDSThEOVTYKd5L2-wlaMTjPLgEtifjZs5HyF0.wWhJTJQvkOnq3NB5BPnhKkDcrta9sR0U9WqWA3tDZ2g&dib_tag=se&keywords=lego+75342&qid=1750352393&sprefix=lego+75342%2Caps%2C108&sr=8-2
75345,501st Clone Troopers Battle Pack,Pack de Combat des Clone Troopers de la 501e,sw,https://www.lego.com/cdn/cs/set/assets/blt0d8fd7f8e87d65df/75345_alt1.png?format=webply&fit=bounds&quality=60&width=800&height=800&dpr=2,2023,119,6+,https://www.amazon.fr/LEGO-75345-Construction-Minifigurines-Anti-V%C3%A9hicule/dp/B0BBS2K3YK/ref=sr_1_1?__mk_fr_FR=%C3%85M%C3%85%C5%BD%C3%95%C3%91&crid=31G38BPCQHX2C&dib=eyJ2IjoiMSJ9.zhfxVcKYsjYy_3DLt34dHq8alVURI7_3lwnZxFD-AIkSukonk0eQgx2B28pGeJ7N633JC6_8o2DLLiltolV_45iNgYIMpCZzMWMerxbEuGXGwngfT-ecgFyN9JNgJ9807uZVJZ3FpuoVkSNK8dNL8jiyNgJLvxDr2_aOCl7NQHJvsIo9qMaYX0OBTBS5PA6O_jkA3zgqE9gWizLPutnsO0MoD8kHnY_MPyFDaO6w6D9GP453y6S3__2v3mn6mrLtSE1D9NoDbpg1mpUd7FzIGHKIjJCf0evEqNDhuqol4e3n6Hawn3GwfZyaBhEqEPc7Pifnm6X9Abdg9uUaZ50V1IonVyj3TU2tUIwy4rBB7VPjS07Z6FXqwg76AOyxF7K9QXUibxiwa0V75jy0CCCq5ma6WuBNxPG8SQ2Nc7ueKkYwAWCPYPW_dqgEgzbhZOer.nZlgAJWuWdvtjjaOEQ72VhMx-cM5fAbLyBgMgxriH30&dib_tag=se&keywords=lego%2B75345&qid=1740497241&sprefix=lego%2B75345%2Caps%2C71&sr=8-1&th=1
75347,TIE Bomber,Bombardier TIE,sw,https://www.lego.com/cdn/cs/set/assets/bltd35706ff109fa5d8/75347_alt1.png?format=webply&fit=bounds&quality=60&width=800&height=800&dpr=2,2023,625,9+,https://www.amazon.fr/LEGO-75347-Bombardier-Construire-Minifigurine/dp/B0BBRZMRDP/ref=sr_1_2?__mk_fr_FR=%C3%85M%C3%85%C5%BD%C3%95%C3%91&crid=8ZPLAWTQD2V9&dib=eyJ2IjoiMSJ9.anMADxsUs5QRfJsKNPomZqbxGszEkah6fyqiMLw3kzcT6-lmkQ2RDEqmFTm7YP-aHuTKe9AyWC8sLKQLMCCawbnMsrO5Q4IktPm7TAMP49mDkwkG4tjWcxlmVjr0gFuswXP9lS5jpgUuvC85bCNgvXghDhpsevuXZbovHqE2DAYPu6j7NaJsBPG80MED3GLj9r1l7hp5PQtZmMFlgwuQAb1Via2ZjUKN2VgRtimWd3I9d6_s0n50SCU_2YTesdj7qva4o16Dw_V5CRLnODqzMbKIIN2VR4Gj9PjL0hvQ5A0.SqPNewFYu2WbKPYrPRoiNStUtBkw9JRhAPbt990fwP8&dib_tag=se&keywords=lego%2B75347&qid=1749924579&sprefix=lego%2B75347%2Caps%2C156&sr=8-2&th=1
75348,Mandalorian Fang Fighter vs. TIE Interceptor,Le Chasseur Fang Mandalorien contre le TIE Interceptor,sw,https://www.lego.com/cdn/cs/set/assets/bltad012f5dbcd600e5/75348_alt1.png?format=webply&fit=bounds&quality=60&width=800&height=800&dpr=2,2023,957,9+,https://www.amazon.fr/Mandalorian-Interceptor-construction-personnages-LEGO/dp/B0BNWBLCLS/ref=sr_1_3?__mk_fr_FR=%C3%85M%C3%85%C5%BD%C3%95%C3%91&crid=3J4P8FZ4YVHWR&dib=eyJ2IjoiMSJ9.tE0sxlE-CKpY4iBW6kxP2Pk8QBbxLdKnYOfMJWFBD5EmE4RLxhJ5HaJBGQlfgSB-4qsU4TNlXrYTutjnE-4WYktdmkl63rhOgw8KvsiB8R_6YaohKScStZCIPPsoi7W0AwGgXr8QFrdvx9v49NgXboUIeu8JXc4vBRHK73FIu2K9vjdRmeLrHQCstU-KOZP-nDqpejxY9NfA5U5OEFnCCmrGJG2960jjFhk-ApnPAPvqTLH8_EExxpYLV-cIRrmQJzy2mE4KPwfCmlIDarvpD1lIBCTReLVp8iK26HDc_K4.nu6gj6MPvXFs1TWrWvObtcaBUVzaVjCmT4O3VP5Xcoo&dib_tag=se&keywords=lego+75348&qid=1750358330&sprefix=lego+75348%2Caps%2C103&sr=8-3
75350,Clone Commander Cody,Le Casque du Commandant Clone Cody,sw,https://www.lego.com/cdn/cs/set/assets/bltc17e7a9efc3fa73f/75350_alt1.png?format=webply&fit=bounds&quality=60&width=800&height=800&dpr=2,2023,766,18+,https://www.amazon.fr/LEGO-75350-Commandant-Construire-Collection/dp/B0BBRYPT8C/ref=sr_1_2?__mk_fr_FR=%C3%85M%C3%85%C5%BD%C3%95%C3%91&crid=1NJ3CY0ZH079X&dib=eyJ2IjoiMSJ9.yEZ9JD5JgtvVpkiL904YEFlvXvitCALeqnl5KMcwR2Cov6TL_YuvSdXyVgZEWh5daBlsVKmk_NAdcWxdom1IyeklzYyBO97smCDZ2bpExSAExYZ0HesbxKu_qblQK0KQvr1jQ3UDxv29KovGLu6mKoda1NBHkUf52gytkWQrdjKMVlB19TlLgHO1ukv6a1Lo3Q8M4s6Px4trrgeie1YpnUfnoKsO6guniLwav2s0xLDbIhyClA5QucINq5gqBRJMOkh9GNXsFG8k-gXr4lvTluZzS81-3SqoN-aI1vp8Qvc.Na9p49-bpeUi6PXqnC8A25VaQYlmckrjFs6KSWe1SHU&dib_tag=se&keywords=lego+75350&qid=1750358412&sprefix=lego+75350%2Caps%2C90&sr=8-2
75351,Princess Leia (Boushh),Le Casque de la Princesse Leia (Boushh),sw,https://www.lego.com/cdn/cs/set/assets/blt4bb22e95f1ac254a/75351_alt1.png?format=webply&fit=bounds&quality=60&width=800&height=800&dpr=2,2023,670,18+,https://www.amazon.fr/LEGO-Princesse-Anniversaire-dexposition-construire18/dp/B0BNW6MG28/ref=sr_1_5_mod_primary_new?__mk_fr_FR=%C3%85M%C3%85%C5%BD%C3%95%C3%91&crid=18KRHXCXJ9AA4&dib=eyJ2IjoiMSJ9.neS7-tWCyuVQtPmCS7Hruxp_Y6uDqSS4_kqguhGb8iGS805ZYGCUc3pGDBogsiE1snLzjBbchtlqsZ7ZsmmRH1S6YpmGJVxInzNEnSRzJCYOmhueKyz2KGXkECbcDMrrTVIot76fjUMWIi_ntFDW6dyBJsNjn02GZQwbCQiL4QyaLH6GQWPG93NRJi2uqXzo1rmY4XVed44m-fnVEiOSYHOfGTXmunLM-J011ziAMwoO9PmYEGuuyiDibIkqcl_LLz6OgmJ9kUAlXMkL4mou3-NAKcndvHavGYO3CN3ap9E.y_beJ_vqSVXM-G0RSTnH192HdTwi7uCHWxvKgTCPofI&dib_tag=se&keywords=lego+75351&qid=1750356370&sbo=RZvfv%2F%2FHxDF%2BO5021pAnSA%3D%3D&sprefix=lego+75351%2Caps%2C87&sr=8-5
75352,Emperor's Throne Room,Diorama de la Salle du Trône de l'Empereur,sw,https://www.lego.com/cdn/cs/set/assets/blt9f47eff30cef0ec8/75352_alt1.png?format=webply&fit=bounds&quality=60&width=800&height=800&dpr=2,2023,807,18+,https://www.amazon.fr/LEGO-75352-tdb-LSW-2023/dp/B0BBVFZTY4/ref=sr_1_1?__mk_fr_FR=%C3%85M%C3%85%C5%BD%C3%95%C3%91&crid=B9HGA51CZ18P&dib=eyJ2IjoiMSJ9.De04L8dj2mUteox_Ps-KjOeYO8ouWtlWEUC8lT7CCa-sYm4Izc2PHoO8pH0gx-nbNugm6Qy1oxUYYaNCg6O2y2J1O-sLSNLms59iXnGgKIoMq9P31h_PgCkHJ4j-bdF09jq3egWqRkdh-6dhHlZHKvt7NQcaiKW7ewQzSY1Occ_Bmc58Qw2teCQRitRrzQbYlFqYDJKTK0IuTlX4tEbrIvFTWkG71UdSt_48_VoQGKknv0Pni1GTR7TUfPh-xoRMZxwmhfvyvVWrt9TTkIGaaK7QQo-85FDUAZDIw2CSVZydtsZjQAz5xVE-wFI7WBfBsHBs8zt5a81YhgU2P5o1xsfDN1xG1qZSYuvs1v6yT7Brk3JIPElkXeopEM8Ch96a7wNsW5PniyRUO8cjhHBkYFKokEYI2-2SMIoCX3vTdwGYnZFyNe0IQQqxUPxqNluk.wIdfhaDXu5Sd4NZ9YmmEJmlm_HaFkMf-iIZRQ_hfu8Y&dib_tag=se&keywords=lego%2B75352&qid=1740497459&sprefix=lego%2B75352%2Caps%2C118&sr=8-1&th=1
75353,Endor Speeder Chase,Diorama de la Course-Poursuite en Speeder sur Endor,sw,https://www.lego.com/cdn/cs/set/assets/blt93ecd30602c7af6e/75353_alt1.png?format=webply&fit=bounds&quality=60&width=800&height=800&dpr=2,2023,608,18+,https://www.amazon.fr/LEGO-construction-d%C3%A9coration-dint%C3%A9rieur-collection/dp/B0BNWBZFCN/ref=sr_1_2?__mk_fr_FR=%C3%85M%C3%85%C5%BD%C3%95%C3%91&crid=1T9FKSIXQ3TH&dib=eyJ2IjoiMSJ9.hZkzdaz_RXgN2Gsk12C9jQ_CM1xR6PwR5kXHnPkqdna3w7RCNQ8-PDrKGXel2JMn2Kc6ggruZXHXNvDCsVeKW-eiTqKYwycn588vExCsL5TJ_CJo_s4G14H3ok1-eI_cq-Rv72YfematKXw0PviQhVg0wNxn_U3eypEFW8eGqymccUjLyn_cZMy2YbMCu0sh4oUPbRBzyBuyNNhKjASKibZG4nKvFE0Pu1slgJieQjlv-tROohKdfls_8KowkxNJeTzyezjp3PVAcYy2mSpVXndwBurOFCyhkqdfw9tbl2NT_CYOmGVAZIIzVZTygfGNUutR9fKi9FJxsKr7eD-fauT1Vszk8RpakXFmYlpx1pQ4kOj-dn5xDwR18AVjsuHEVGMyhRP-OgC8auSJGW1rSWsIkC0UqT_C7862MfMlF7WEAAmPfV9sL6ih6CcmNHIA.18dVFB1dmrM-cP9a6bmt2E8yXIAXfTLFA-724-oe1nU&dib_tag=se&keywords=lego+75353&qid=1740506393&sprefix=lego+75353%2Caps%2C77&sr=8-2
75354,Coruscant Guard Gunship,La Cannonière des Gardes de Cozuscant,sw,https://www.lego.com/cdn/cs/set/assets/bltb94f6a04ef2cbf36/75354_alt1.png?format=webply&fit=bounds&quality=60&width=800&height=800&dpr=2,2023,1083,9+,https://www.amazon.fr/LEGO-Star-Wars-Chancellor-Minifigures/dp/B0BXQ5SX82/ref=sr_1_1_mod_primary_new?__mk_fr_FR=%C3%85M%C3%85%C5%BD%C3%95%C3%91&crid=33DVMNXADG7CY&dib=eyJ2IjoiMSJ9.JIuXqbtrbwXsqR5hFmBerCE4t8PnylfmOVF1iaRFQ9UyUIj9MCc-nWNHl_jpVfllL8QPS2rqYfKULi8uF0dxc6Nv0vEKhPa5YEqg86nt-HfQ8IA3HYnmqH07aKVGdt0yB3XSS6DcswBOtDg0LS-Y5raXOpFz1uqEgYtPNE-DT7A7niF55S57O3oMjJlm_vAuRXoaqwSmVDhQzcPAUrA4N4JX7sC5PnlVSi0kCjtpecjdJd41N9wQkwefBOfw2ZA2-57UfxCW3qAqCliwfszYRINKfTtdKP2oBTTlA5w0Us4.xhLZU2G8dzk4UZO0Yrq1cMEAp5TN_g4oAIvl8qcbn34&dib_tag=se&keywords=lego%2B75354&qid=1744654659&sbo=RZvfv%2F%2FHxDF%2BO5021pAnSA%3D%3D&sprefix=lego%2B75354%2Caps%2C102&sr=8-1
75355,X-Wing Starfighter,Chasseur Stellaire X-Wing,sw,https://www.lego.com/cdn/cs/set/assets/bltec62b553a047fa14/75355_alt1.png?format=webply&fit=bounds&quality=60&width=800&height=800&dpr=2,2023,1953,18+,https://www.amazon.fr/LEGO-Star-Wars-X-Wing-StarfighterTM/dp/B0C22H641G/ref=sr_1_4?__mk_fr_FR=%C3%85M%C3%85%C5%BD%C3%95%C3%91&crid=2GX51S8BL3F3Q&dib=eyJ2IjoiMSJ9.lT7BDCOy5QgTfDhdEOedZN0JOCAqIwLpKmBlpbPNAJpvNG1XTTnqliOlnS4V-zJbIg2VAs6FbCA6n7ihE2ESbiq4ZR_Ze3xZIbeNtZUHB7BWixCAlvQcwY8Lh5KJ3CuivYibnHJ2DDI5ihav4J8WQSFAglkGpNkYsSHl_o5ZJDgFKAZbD3ZUG_C56eY2T9Ha3KvgHFnTytLWUd-AuYR90U2CBJ64BL5dgpqZvnrdthCWsMo8gzwKr-BZDJUYlwM7QPojpujrLLlw8UAj1yu8WGgOrLepepSqNxBC5cEFtgk.rbMCePLHasg0RjxzjshtBypZJN5ct2ZttfsoWPrWp00&dib_tag=se&keywords=lego+75355&qid=1750327960&sprefix=lego+75355%2Caps%2C94&sr=8-4
75356,Executor Super Star Destroyer,Super Destroyer Stellaire Executor,sw,https://www.lego.com/cdn/cs/set/assets/bltd77809ef7e08023b/75356_alt1.png?format=webply&fit=bounds&quality=60&width=800&height=800&dpr=2,2023,630,18+,
75359,332nd Ashoka's Clone Trooper Battle Pack,Pack de Combat des Clone Troopers de la 332ème d'Ashoka,sw,https://www.lego.com/cdn/cs/set/assets/bltbd8cc9132132070b/75359_alt1.png?format=webply&fit=bounds&quality=60&width=800&height=800&dpr=2,2023,108,6+,https://www.amazon.fr/LEGO-Combat-Troopers-Compagnie-dAhsoka/dp/B0BV7CGFPC/ref=sr_1_2?__mk_fr_FR=%C3%85M%C3%85%C5%BD%C3%95%C3%91&crid=147VD52N4ID3A&dib=eyJ2IjoiMSJ9.hbwxy6Y-lf2mcObvU-yNT0SsWLQ9XVokbjoLKDnvZrmFn0_YEjlsDNNu1U1C_NEoLJ04KQsQCYd5ewaXPADxzZ4fREpdhsR6hqfK8rlTImE_N0k6ALZPdWKegRbejkUEBifg2YJ_O9OEfGfX_ghAQEIx4oHjPL1lFUPFiW_Gek5MlhMsQNjUP_hmxv3p9rpwpNs2yxyr815vwK-Exs8ZJZe_4EzZLkSBdHztVKohz4C1kjJwqCk2eOb9t7APr-tFc47mh8tagjP_9Zk6Gqyl2caMePTvVA3bQu5wYEkgSmw.GFIaaogZEH_7u_piahKAYibmX3aZuItTKV6Ooh6Cm5I&dib_tag=se&keywords=lego%2B75359&qid=1746344046&sprefix=lego%2B75359%2Caps%2C98&sr=8-2
75365,Yavin 4 Rebel Base,La Base Rebelle de Yavin 4,sw,https://www.lego.com/cdn/cs/set/assets/blt3453893b909c68a9/75365_alt1.png?format=webply&fit=bounds&quality=60&width=800&height=800&dpr=2,2023,1066,8+,https://www.amazon.fr/LEGO-75365-Comprenant-Minifigurines-Skywalker/dp/B0BV7DSL33/ref=sr_1_2?__mk_fr_FR=%C3%85M%C3%85%C5%BD%C3%95%C3%91&crid=THTN657GOLS8&dib=eyJ2IjoiMSJ9.6q7p9jv1X9vk_SmtioU-nW1Lxp0uS-fffa7DAHbj3WZiWlgP42ur3GQYf5l-j3u-Y8vVxw5BlWcurFZIJJ8YzshNYnpg3WC7f8EQoTYhri8oj78UxIhQqf_qLSJ4LxtVaFRNiTw0xg_L1aN4GFyMAZ0eHK_1nck15U3MGU3e4sjqlQux4xES6TOISS6SJEn2gTadrQ3JXHvsQwLY7LjkdtZtQd0pooBe1XKLK51kxXoTX9UOiP3GV175sAQMuPqBjllDLiwB1TUW39flLK2tCDdKBfTOmpbH6Foqu2oEkWg.J1yv843sA9V9H-xnzMCQ3ZKEzYAM8YSqSEwGHc5cKjg&dib_tag=se&keywords=lego+75365&qid=1750355851&sprefix=lego+75365%2Caps%2C95&sr=8-2
75367,Venator-Class Republic Attack Cruiser,Croiseur d'Attaque de Classe Venator de la République,sw,https://www.lego.com/cdn/cs/set/assets/blt266b40dfb46ff5de/75367_alt1.png?format=webply&fit=bounds&quality=60&width=800&height=800&dpr=2,2023,5374,18+,https://www.amazon.fr/Venator-Class-Republic-Attack-Cruiser-75367/dp/B0CJ7W6QTW/ref=sr_1_2?__mk_fr_FR=%C3%85M%C3%85%C5%BD%C3%95%C3%91&crid=3DP0YPO2ZZVV7&dib=eyJ2IjoiMSJ9.c0wREyAfQ3pRslVh4mFFMUyDZhtkbJ1E0ALbfFKsWnSL0Jm_ZpT_G7JGKZJlK-gSb1T14Mz_mndB-1UQRPB8zKQtCc98GcvjZ-Cw3DH--bsCys-83T1MuvnXsMVVaIKi-_S8pf2wh49ZIunzwLN7n5cFQR4eEzEsS7CHLiSyJN-5a92FSnMXd0li5IUI0CB0MOt4vZaSzYfACBaeRErDBn7dXzhPSbHyG5n1OkRYdQtrsWIcfRCUwxWXLLLMTItAeI5pDVNQVwe6VrPGFFKa5wAurLdZN-Mo8FJbEYaSS5I.KBEzuMRhlCH7U4dkdsh2H-smvmE9rDLcWzkG4q2fLtY&dib_tag=se&keywords=lego+star+wars+75367&qid=1750327751&sprefix=lego+star+wars+75367%2Caps%2C64&sr=8-2
75372,Clone Trooper & Battle Droid Battle Pack,Pack de Combat des Clone Troopers et Droïdes de Combat,sw,https://www.lego.com/cdn/cs/set/assets/blt712eb8c1cfe30d24/75372_alt1.png?format=webply&fit=bounds&quality=60&width=800&height=800&dpr=2,2024,215,7+,https://www.amazon.fr/75372-Troopers-Figurine-Tri-Dro%C3%AFde-D%C3%A9fensif/dp/B0CFVY784R/ref=sr_1_15?crid=AED316XWPNOS&dib=eyJ2IjoiMSJ9.rxhukUivqjCxOT9aoGOFIktGwRK1jwE3GCmxM0x-7nFZkDD-H3MjF0Ci91IGUk1bU7zza857KvfR1dFF4J_a4o5dCfRyei4CHpNU5VtDlY95OFlRGuDS7fMQAKFbYd9rKurrANL9x_V4ho5mxpBxaLAVJA1z7tKfUuXmYlX8TpHZXLJKbyl5qdQeDUZPVWsPiUlgjEfPqIoq2rQvbLOREv19n-G36CYrBNDDberdru3qqdm5RSDBjiv-g0FS22YWYCzPZbzhndok2yXG8iOjwPpvfPymN544IiescBDHJ_TidL49yArIPgsA8jVUGSQmKXR1Hjeg4ynn6IjszxBQq3n2AAP4FLVSgrlu3vQ3jgUUrTO7zGBFYGqxgMcc8LWOlJlZE-GEB7mnIJ-BdPTuBSzvvYA0AYjIeGj1-f7TYk5SJgJVGtMeOaTyXyTtY9af.VcJkTTjQat2rcN_Cy9DWprUu5Zv6QaY_5anbGfj8hDs&dib_tag=se&keywords=lego%2Bstar%2Bwars&qid=1740504905&sprefix=lego%2Bsta%2Caps%2C79&sr=8-15&th=1
75375,Millenium Falcon,Faucon Millenium,sw,https://www.lego.com/cdn/cs/set/assets/blt167789331af69956/75375_alt1.jpg?format=webply&fit=bounds&quality=60&width=800&height=800&dpr=2,2024,921,18+,https://www.amazon.fr/LEGO-Construction-Collectionner-dAnniversaire-75375/dp/B0CFW29DZX/ref=sr_1_1?__mk_fr_FR=%C3%85M%C3%85%C5%BD%C3%95%C3%91&crid=2X3FMSN2HN6RK&dib=eyJ2IjoiMSJ9.UO4QOgXVMfaHKWyknCMhttRJLgqQVri2OgJQAlu8KydHKy8niBFOjG-waoqQTUdI_SHFcSTwPMZ1rU_OBCw0rfgCHatI4EiAXPVb1iy7iSTBplUesLzXogTZa96xWqYwDSIYOsVZMmfq8QOMZHIGh5JBL6EqTb3HCWgIwWTpDlHb6hfrenRMQ-iORq2neyXn1mkvI5uh1IXTHCYS4uEISqvVDd3vXnB1eNaqJMUbPHLmvSCChplmnQf2IhcPf6KkHrA1pclvOnPHiUjwU5tR_ODcIX_x1Fapvzwy_leuhaTde7eEBTiSYYT83WGyjME5zJYVjp53-XOt5hGfV1tu7x-9erRUObQyvCYln2lo6gKy4mGqq5EiAMXaRXS9ku--q2_TjG482XuNhYGrwjQHsoZEPCyNMNnFsRs8MQTVkO7Jpg8tOrxZiSev9WXozBHP.AenJW7QxCpX2a3gA7fy6L9sbQWHKdhp9ihOXwyvV4YM&dib_tag=se&keywords=lego+75375&qid=1740497987&sprefix=lego+75375%2Caps%2C96&sr=8-1
75376,Tantive IV,Tantive IV,sw,https://www.lego.com/cdn/cs/set/assets/blt73bc1405d84143fc/75376_alt1.jpg?format=webply&fit=bounds&quality=60&width=800&height=800&dpr=2,2024,654,18+,https://www.amazon.fr/LEGO-Construction-Collectionner-dAnniversaire-75376/dp/B0CFW1NPZK/ref=sr_1_1?__mk_fr_FR=%C3%85M%C3%85%C5%BD%C3%95%C3%91&crid=238BBOL3KAU8C&dib=eyJ2IjoiMSJ9.6kyx_PxBMcaWC1fnCEa5kAEbCITlmO2NoKXQmxuhy3cGXv1CMZoEWZ5KF0TRqhI1HCfH6i3WKOOe_Jaw5IykkbBG357Ej13sLbGwlEwC_qyDcZodkrC0OO3mj_LXBd_02PjYecgPTb5UgDd_lXdh81YrwquzT5cw5aku6YEQ_1a7s5EIeLsH2raSVBPT9tB7jcWPn0MC14UMVg0EawfJRQXZdWzgKe9oJxwdJ7lsASvQp4S5YNZ98jP2LSqfU3lPYepwvl8IJQWROiVKZTYXeqXwc5pwZ90f7fP1nlhSW9A.FC8p5LJ7jrWxHg0y0FEcPM3ACxIYzfLsTYxGFRAgRy4&dib_tag=se&keywords=lego%2B75376&qid=1748079225&sprefix=lego%2B75376%2Caps%2C99&sr=8-1&th=1
75377,Invisible Hand,La Main Invisible,sw,https://www.lego.com/cdn/cs/set/assets/blt052feeb384866629/75377_alt1.jpg?format=webply&fit=bounds&quality=60&width=800&height=800&dpr=2,2024,557,18+,https://www.amazon.fr/LEGO-Star-Wars-75377-Invisible/dp/B0CTSZHXBG/ref=sr_1_7?__mk_fr_FR=%C3%85M%C3%85%C5%BD%C3%95%C3%91&crid=12H4VLVEUPCUO&dib=eyJ2IjoiMSJ9.iDGvkkTnfFr-dpaXtDRMujdsj-VQgTQMEEZGpha51LBiKnukw9X_n1VF7MAGMHr-5NOX5P242oc8AIv3hEReEcDrtleUOoa_7iyHRwDg5wY.1h99mc9CcFmZkVV1MMtIiZa8KVHFd3jc8skpidICKTY&dib_tag=se&keywords=lego%2Bstar%2Bwars+75377+la+main+invisible&qid=1744654728&sprefix=lego%2Bstar%2Bwars+75377+la+main+invisible%2Caps%2C65&sr=8-7
75380,Mos Espa Podrace,Diorama de la Course de Modules de Mos Espa,sw,https://www.lego.com/cdn/cs/set/assets/blte7afc48d6d66f49e/75380_boxprod_v39.png?format=webply&fit=bounds&quality=60&width=800&height=800&dpr=2,2024,718,18+,https://www.amazon.fr/LEGO-Star-Wars-Construire-Collection/dp/B0CFVZK7SM/ref=sr_1_1?__mk_fr_FR=%C3%85M%C3%85%C5%BD%C3%95%C3%91&crid=3430EJB984YKK&dib=eyJ2IjoiMSJ9.IwyRhJ3qmed2Mwx8ssRHdvRC3RxGo-l6YCWtnmTZrV0MzGQJD5QwvGUK1k14JdBI3xP-1NJz3c7sZGNc8FP3Dbixp6RzyXYlOmmqt2qs6IGsX6fGMSiJX6vbFft90el__VxJlXEJ7Is_dMMryph8iR0GmFiJ2JWZkqMfHmr8SBVMdthE3FClGbc1yqyP5DIonu6ZzOY7IrE-CqVnYk_oxdEgjXahiF1zxzdWnl6ZflNr3W-VNCr43xQw2-hNYWeKpJlGo5g9gYIhI1pGDLDHIYU81eFsuUJf6GGnBnRPeCA.BBgCJFAXfGPKjeFj0vlYx6IiKKSqTG5R9Pqpg-A4otE&dib_tag=se&keywords=lego+75380&qid=1750328578&sprefix=lego+75380%2Caps%2C107&sr=8-1
75381,Droideka,Le Droïdeka,sw,https://www.lego.com/cdn/cs/set/assets/bltd797d71a215949ea/75381_boxprod_v39.png?format=webply&fit=bounds&quality=60&width=800&height=800&dpr=2,2024,583,18+,https://www.amazon.fr/LEGO-Star-Wars-Dro%C3%AFdeka-Collectionner/dp/B0CFW2QDPP/ref=sr_1_1?__mk_fr_FR=%C3%85M%C3%85%C5%BD%C3%95%C3%91&crid=3FK1XUDCHNT2Q&dib=eyJ2IjoiMSJ9.60eWRY-rrAJ2uVbhncKBiIpK-eNDed5INBXtMWn_f7VQPA7quiDJbacQtrIfeW_rt9o9KxfGVpJwYcUB6MbJOB2SbaEhtyuspG6r0UA_qmXf5466bOMf8xUqsHwyMKv1Oge9b4CRPuMq-4OyL8NfyvNCVIsiNvmbT-y1cN2VxF4btTaB1dRYeExaI7PD9B5tck4i3HyI9rp5YXJrwi7QFNCuv3TP5O2hSkMFyzekg5EHhJDHi0Zo2PaYjmWlGVhzhWPSHfoxGTtqwDG0bQPxu4C-Fzpu308tDDUY1-h4FjdSREbnfuudGnpuxBcPGpkVgj1TC696gMI8hb0Gc4RW5YqpSuhK7wsUzcKnTzB2KuJkmmRtuCIvxSOK6gO7NvH5lDjPmbFFN7GGuZAZVsVQqc-P_I5yV4ljTIRj7DRUVGAFOX3YT2D6MNYdE45zgQbI.UADsPhnzNSbe1Vn20lu9UBgIdOdRqgO6PxB_1UFK7GU&dib_tag=se&keywords=lego+75381&qid=1740498541&sprefix=lego+75381%2Caps%2C81&sr=8-1
75382,TIE Interceptor,TIE Interceptor,sw,https://www.lego.com/cdn/cs/set/assets/bltc4bbe82059a1ae71/75382_boxprod_v39.png?format=webply&fit=bounds&quality=60&width=800&height=800&dpr=2,2024,1931,18+,https://www.amazon.fr/LEGO-Star-Wars-LIntercepteur-Collectionner/dp/B0CWH2DGNN/ref=sr_1_2?__mk_fr_FR=%C3%85M%C3%85%C5%BD%C3%95%C3%91&crid=7WYI1HHPT2YH&dib=eyJ2IjoiMSJ9.MRJ40BldNH_gOjQznh3M1gjKtmZJZaUwYxqXdb1eM5HjPaS7yAppkQQrDPCwWT01qbFHFx_1w4zcN2QN3-2_FUpqi6TNOnShooSBAqbzWp2HPtP01LsFHOggsMo_iwB00oQc_x7B24ZSDzn46gIC5lpBkAITN059yZkd7TwV_dIBQZdjwEzKUeLowcxqxcmaZWq7Ln8cXAY8s1RfYQxSWSJHOvZOJopirSOQTfWTWtsHCj1RFfwyxJeLUAFO8r37sBHAr5rqoEq_itKfoc8aFwHuL7yXxdyqgYmIwV1Vw9g.wuHZlBuXUZ6rFalhqySk5wsmEcI563atopkdLt1DBX0&dib_tag=se&keywords=lego+75382&qid=1746344289&sprefix=lego+75382%2Caps%2C89&sr=8-2&ufe=app_do%3Aamzn1.fos.bb6ea7e0-0ef7-4fc8-9adc-4bf1477881dd
75383,Darth Maul's Sith Infiltrator,L'Infiltrateur Sith de Dark Maul,sw,https://www.lego.com/cdn/cs/set/assets/blt8adec0571ec16598/75383_boxprod_v39.png?format=webply&fit=bounds&quality=60&width=800&height=800&dpr=2,2024,640,9+,https://www.amazon.fr/LEGO-75383-Infiltrator-Construction-Vaisseau/dp/B0CZSQ25XV/ref=sr_1_1?__mk_fr_FR=%C3%85M%C3%85%C5%BD%C3%95%C3%91&crid=28CUAA1ZNUGKG&dib=eyJ2IjoiMSJ9.WLi_wkpWLQpH0d6FiupEmAW3xxcQQkzaxE-ChuY7gSyDbRoxozHodVuJchj2whakIqi6JQJy1zdt5zJNI41rg-zOx5Nt3hNT7Ts8gGCzREggT781yFbyFtU0fxKQL_fp-aOQB4ds7TiorDp1lKQMxaw0TUNdS1bMAZuqLR6OLtzxtVrcj1PMnrDxy8UGtFBpI08Z6c2xTPyycgF8mZT_4IELsopiNVIIcAWbuPiYouEwnKfdg8IZM8cSE1U3sCyq0ilDw2t8nPmW2r6GaOiBCs3SBqKUSijuxNH_LcNTrBA.hb4Sqt_F2InwUnu-erMiHj4pnFHoQ0JP3TYYzR2TTYk&dib_tag=se&keywords=lego+75383&qid=1744655023&sprefix=lego+75383%2Caps%2C103&sr=8-1
75387,Boarding the Tantive IV,Abordage du Tantive IV,sw,https://www.lego.com/cdn/cs/set/assets/blt9d5c01a48a54e571/75387_Box1_v39.png?format=webply&fit=bounds&quality=60&width=800&height=800&dpr=2,2024,502,8+,https://www.amazon.fr/LEGO-Embarquement-Construction-Collectionner-75387/dp/B0CFW28JMN/ref=sr_1_9?__mk_fr_FR=%C3%85M%C3%85%C5%BD%C3%95%C3%91&crid=2U2FYVBEI8D6U&dib=eyJ2IjoiMSJ9._Z0Msd-e95OhAXuistAMWQNTjcIco6Pu23ukcGmy6O27SRUaxjCSQkS484H356TZlW9DZs5Hg1DcYfR2Qa8wr51dRpGlqNXREdlKZdZI0l5xCNJqoaoN2xEs084eGDPC8BA6NapOkNG_qIaFfuQXrIFdQtK5ffCrNuTNQ5mZuRlczjf3lSfdSIa27HDGjCV_CeAKpx0UiLzQh1GJjWHC7xFXXntztan07yWL0Nj74ldfpmQ-6tk_bW-Ssn2iw24XPbGaLGY_jR7rjECaOs8UxNhmH8y2JWfIC5d2sYbQuK0.Ju-es3QD3UmQnJeGWZCfeO_xlLp46Nw-kGmCTqqaDaw&dib_tag=se&keywords=lego+75376&qid=1744654938&sprefix=lego+75376%2Caps%2C92&sr=8-9
75391,Captain Rex Y-Wing Microfighter,Microfighter Y-Wing du Capitaine Rex,sw,https://www.lego.com/cdn/cs/set/assets/bltce45812fe56ca489/75391_boxprod_v39_sha.png?format=webply&fit=bounds&quality=60&width=800&height=800&dpr=2,2024,99,6+,https://www.amazon.fr/LEGO-Star-Wars-Microfighter-Collectionner/dp/B0CWH2RPXN/ref=ast_sto_dp_puis
75393,TIE Fighter & X-Wing Mash-up,Le Chasseur TIE et le X-WING à Combiner,sw,https://www.lego.com/cdn/cs/set/assets/blt989ae419b73af1bd/75393_boxprod_v39_sha.jpg?format=webply&fit=bounds&quality=60&width=800&height=800&dpr=2,2024,1063,9+,https://www.amazon.fr/LEGO-Star-Fighter-X-Wing-Combiner/dp/B0CWH2386T/ref=sr_1_1?__mk_fr_FR=%C3%85M%C3%85%C5%BD%C3%95%C3%91&crid=3JQIRRUAG7TB5&dib=eyJ2IjoiMSJ9.CPuAlKuHW07B6cAFlpjf6cfL_Xy3Vq5Yp_E3nExYAkkeLLpQ23Ko6fMDsTftSzIwyZRNTby-bY5skB5mPpVOF6tvJS_NuHMzXu0ECkOfnbqPRFXQOaOXvlN7oTgk6W30BwN4Bo91aeUctM7xGDfAuD-u334eEnsxCgCDc_EppCpBOMTPbBp9DKotqSG_Q9pBhGvfnumUMCIrPn04NxMAOzXphyWfaKo8iApJb1kObwvR2yO8p5cL5fB1wAEuMCr35xqWx3-wYpyEzWeRpa_qZp1353fxa-M-J3W_Et7xM4bbnDqscvmZyZL0TICjBDsRF-dQG70g30xAUniMHupFdzsRNn-B2uBJBhya1jMiW8iER4ywhnCEWXXvWo_T0KciNPn5qzYQTwXJ0SJ1arw7eDk-rqMCwtCuRac4fwWTwDcFOX3YT2D6MNYdE45zgQbI.Rbmowq--LSKZ1X6vMg3YCuM16LCUIgFyyg5Y9Vrtmbo&dib_tag=se&keywords=lego+75393&qid=1740498512&sprefix=lego+75393%2Caps%2C110&sr=8-1
75394,Imperial Star Destroyer,Destroyer Stellaire Impérial,sw,https://www.lego.com/cdn/cs/set/assets/blt53a61c9ff88fc934/75394_boxprod_v39_sha.jpg?format=webply&fit=bounds&quality=60&width=800&height=800&dpr=2,2024,1555,10+,https://www.amazon.fr/LEGO-Destroyer-Stellaire-Classe-Imp%C3%A9rial/dp/B0CWH2RPVS/ref=sr_1_1?__mk_fr_FR=%C3%85M%C3%85%C5%BD%C3%95%C3%91&crid=2IDQ5XXJRUO3U&dib=eyJ2IjoiMSJ9.B4SQx4tGaNj2mI5lpRlYc1m8VSHHdiIhSaYwbBAhSYx_7403vpTAEN0kuxp7s4Kq26pAl7P8wUkpUibtp8O2-fLa3gfKQ_zms2HBdHKTWDTjmylyxqbTEMKG7EcQRqP9uGB29DZZ32DfgeNCZX9Y8txy16s75nupQ-Sd35JBlidnf0J59_QmY0kl4PIy2gRSngCpzS8HRCCxN2kYvOLtqagIWV24qQdPRFJY43K7f6M-HfJ9Z0liUaUNAekePABRjCVE1eWJNI1Nt0pjHMpekeMXiysqT9SQ37ZjyVOzaPU.f1dlA5ZswFZHfG3gQ-EZ5_RbWAj4WyfjiuXeJymQJ-g&dib_tag=se&keywords=lego+75394&qid=1744654814&sprefix=lego+75394%2Caps%2C80&sr=8-1&ufe=app_do%3Aamzn1.fos.bb6ea7e0-0ef7-4fc8-9adc-4bf1477881dd
75396,Desert Skiff & Sarlacc Pit,L'Esquif du Désert et la Fausse du Sarlacc,sw,https://www.lego.com/cdn/cs/set/assets/blta0b8c39ccd1af3e7/75396_boxprod_v39_sha.jpg?format=webply&fit=bounds&quality=60&width=800&height=800&dpr=2,2024,558,9+,https://www.amazon.fr/LEGO-LEsquif-D%C3%A9sert-Fosse-Sarlacc/dp/B0CWH1SN5Q/ref=sr_1_2?__mk_fr_FR=%C3%85M%C3%85%C5%BD%C3%95%C3%91&crid=1RHQA55X8XBJ6&dib=eyJ2IjoiMSJ9.43TTwHE-v288L_NiJhTy4f_Z7dB-nwXymEr4OsT6XyuaJOpqqA8YHtgec5b_3yXxXNnvz_3kIiNZ73wEJ9M466TeFKy8Z58Yfycd2HGEvs3OdpSLPbv1xkfhbmk4d5PjDeJ1rG3k4nsPwAwGv9DHE_ygwOq0gBV9nVT3zEQ_RBib3pxyAl_5C1iJnO2ohLXPB3ZTuVxO7BDmAefh9Bb1BvLvsvC4UED-ZGdfgUsSK14-K742Ufn8cVBsmSisHRMTIsw0m3KZqSbeM5D0vLqq3xqSYJqbL_zUl1mEtnrz8XE.xIdLIx03CfJhqXzt0JfwcjLRPcAeBE4vusFe5qKSRPA&dib_tag=se&keywords=lego+star+wars+75396&qid=1750326887&sprefix=lego+star+wars+75396%2Caps%2C99&sr=8-2
75397,Jabba's Sailbarge,La Barge à Voiles de Jabba,sw,https://www.lego.com/cdn/cs/set/assets/blt8627a0d71e04f29e/75397_boxprod_v39.png?format=webply&fit=bounds&quality=60&width=800&height=800&dpr=2,2024,3943,18+,
75398,C-3PO,C-3PO,sw,https://www.lego.com/cdn/cs/set/assets/bltc6618252c9d34a94/75398_boxprod_v39_sha.jpg?format=webply&fit=bounds&quality=60&width=800&height=800&dpr=2,2024,1138,18+,https://www.amazon.fr/LEGO-Star-Wars-C-3PO-Collectionneurs/dp/B0CWH3FMKS/ref=sr_1_2?__mk_fr_FR=%C3%85M%C3%85%C5%BD%C3%95%C3%91&crid=X3N6T60UR5ES&dib=eyJ2IjoiMSJ9.jRMuUyd3st2ANoN0llHku-pE-AguJs5Nq754fa-sDICC_NDnjminS6V42ou8__s9LPqnUnztzj56I2fT2hBZaXcVLkS61bl6FD_I26DAKH8AiQfIrNzSjomaBTwvDzwGR0F1XICfeZidM4NHAUhAcwNuNrPLCmwSOW9JFfeSyaYOYT7PQ0mkio0gzg6BBXUix6A_MV0aG53AaJ8jMPNkeudG1H0Z7FSSHp1SVBXuts5hB5A9wqbBO4qqgZVdLPDfCnFIq7SG0qejqyaKY8vE-wD_upT4YE1W7LAjGOgdjrE.cGAp63PJh5JhWScCKryIaJGDZOlUHcMsrG72XunK-0c&dib_tag=se&keywords=lego+star+wars+75398&qid=1750327106&sprefix=lego+star+wars+75398%2Caps%2C61&sr=8-2
75400,Plo Koon's Jedi Starfighter Microfighter,Microfighter du Chasseur Stellaire Jedi de Plo Koon,sw,https://www.lego.com/cdn/cs/set/assets/blt23ba21fefb3bd60b/75400_boxprod_v39_en-gb.png?format=webply&fit=bounds&quality=60&width=800&height=800&dpr=2,2025,89,6+,https://www.amazon.fr/LEGO-75400-Clone-Microfighter-Chasseur/dp/B0DWDJVSVG/ref=sr_1_1_sspa?__mk_fr_FR=%C3%85M%C3%85%C5%BD%C3%95%C3%91&crid=1VD993VAJB28D&dib=eyJ2IjoiMSJ9.KsL_AIciYM_FmiHrmNICaLwWBfYWbKhGWGesgUNb9iVQ5pwf7k16216vZhSYTrjxHQt00QeyZYyQq8lROnDgvomERq0rv6SVc1Ja44bYkKbPN0NUusujVvc5zOdR42toMJkdjTCcORj-rzAigjzf3hzochjZ5iWG0O5yQUYrYb5jJmatxQf9j3X2Gwy7h1ksKpMfZxpntHfHXJPgkmuSZ40Hl-y72oEAvo80CWjO6MonSVON_GPoW6CUh4Fil8jnZFIoJHE6LIIiYYI7c-w0D9hmH8y2JWfIC5d2sYbQuK0.IMqlTm3zvC4P4NDIhtoA1HTwMPqcKtyonhOL07SqGb8&dib_tag=se&keywords=lego+star+wars+75400&qid=1750325974&sprefix=lego+star+wars+75400%2Caps%2C92&sr=8-1-spons&sp_csd=d2lkZ2V0TmFtZT1zcF9hdGY&psc=1
75401,Ashoka's Jedi Starfighter,Chasseur Stellaire Jedi d'Ashoka,sw,https://www.lego.com/cdn/cs/set/assets/blteea70c9b8d51b4cf/75401_boxprod_v39_en-gb.png?format=webply&fit=bounds&quality=60&width=800&height=800&dpr=2,2025,290,8+,https://www.amazon.fr/LEGO-Star-75401-Interceptor-dAhsoka/dp/B0DHSCSY1G/ref=sr_1_2?__mk_fr_FR=%C3%85M%C3%85%C5%BD%C3%95%C3%91&crid=3W38494AOT6ZB&dib=eyJ2IjoiMSJ9.a0bxU1duhZVJq6Kn2eKXmu2bNwwgXtUMAOPVqM3QsDqC_NDnjminS6V42ou8__s9TPLThhSpOYaN4eDZMM6fJ6qXRh0rkpPZkK_N_6Q8O97NgzBcl_7RkpQxwtu0iqCEHqUlTQ2MaFbN3drP8LwE6T-G2WwcpSoruuHaYhKMz9fv0iJ_7CbkWHF1Lfr2I-ogC40iZyNwQZRFCphDEQUABKU4mcCvm4d0U72QxhwTMyTrPsZEQSUaNYco7h-zXiOMHwVsybM2TvTum854eSd0YQD_upT4YE1W7LAjGOgdjrE.DXRghvVpZE3z0Qf6laMSGWG-1JZDw4wNeIqEhr10XAg&dib_tag=se&keywords=lego+star+wars+75401&qid=1750326277&sprefix=lego+star+wars+75401%2Caps%2C117&sr=8-2
75402,ARC-170 Starfighter,Chasseur Stellaire ARC-170,sw,https://www.lego.com/cdn/cs/set/assets/blt143c76d7b221f1bd/75402_boxprod_v39_en-gb.png?format=webply&fit=bounds&quality=60&width=800&height=800&dpr=2,2025,497,9+,https://www.amazon.fr/LEGO-75402-Chasseur-ARC-170-4-minifigurines/dp/B0DHSDBCHF/ref=sr_1_1?__mk_fr_FR=%C3%85M%C3%85%C5%BD%C3%95%C3%91&crid=PSVZNXIDZKWW&dib=eyJ2IjoiMSJ9.0-u5RIYKnXqkkwt1xggQuKXB3mH2pJkM4ex4M9xjQDtzP2Au_KBSocOZVC-BxLZBLmKdx0dXb2AmdHZFO-1H4zjZsn3DhQtScQanbvUsNEc_jCUZ8AUvhy6rDRrXE-7MVpaL9dGh0tR8cYqEwGYJmTV2pO9LHralbKn1N0G3C9SsDr_4udNy-jIshkPF2UKwJDjD9WtWHjvi9Lr6jT_2_7fsV4pBhJr4uhj-oOS1enAWuFE8iXkRV9wYDy9F8h9uX1R4dbrYnkkoePtpTdgaAVb5UzC-wPQJqbCrnSD3jmc.SrNN_DRTMxTUfjev9NLktJC3_5bgvkyfSK4BVowaVjE&dib_tag=se&keywords=lego+75402&qid=1744655100&sprefix=lego+75402%2Caps%2C79&sr=8-1
75404,Acclamator-Class Assault Ship,Vaisseau d'Assaut de Classe Acclamator,sw,https://www.lego.com/cdn/cs/set/assets/blt0acdd2b5c86fed23/75404_boxprod_v39_en-gb.png?format=webply&fit=bounds&quality=60&width=800&height=800&dpr=2,2025,450,18+,https://www.amazon.fr/LEGO-LAttaque-Transport-dassaut-Acclamator/dp/B0DHSG3RKB/ref=sr_1_1?__mk_fr_FR=%C3%85M%C3%85%C5%BD%C3%95%C3%91&crid=3HTIZ0XR81232&dib=eyJ2IjoiMSJ9.Z4xpvEDRa8GIL5eqj9Y3DO_8ZP2Ij-lT3rrAJg1IqMq_lTWDpOcLc7csQsh0KeuIcYLesq09U_x1IR-0_VyxHz_i0Gz_tADoeakcdijZFSLQa8dVG3Ey6kYPuB_Izb6djDuyVr5M74QwmTGElKdFrriMeSgb9cfNwoEc7oUNPKHPQlZOZZrBRSyCzBbuYqihegcLhfSO7KVmc5SDDf_vvBvyYhQI1lU8OsXGB3StQzNzE_YbgQVl6mNHEYKKuEPf-uDv8DVI0o4Ftoi2eW4FhaHiz_6LR9AZpRYhH5lX7kl8UjWgaOAV6mNwa4aGNRXWPSm0AWlRyhG7SrTGXgOC1y_jegIsA0IG-ydFIDh4JqaLnGpoi7esXplvZJkbGV1w8RzAlSaaaGal5dKaJfpoMRuuwKpvfc8fULEPWVoY9vzkHLx4k5tQQGHJxtqIgjZu.NIg5_w2y-WjPPpiZAqfxaiWPIimdIcocg4FxEVg7jPc&dib_tag=se&keywords=lego+75404&qid=1740504760&sprefix=lego+75404%2Caps%2C97&sr=8-1
75405,Home One Starcruiser,Le Croiseur Stellaire Home One,sw,https://www.lego.com/cdn/cs/set/assets/blt7ffcee5ffae2112e/75405_boxprod_v39_en-gb.png?format=webply&fit=bounds&quality=60&width=800&height=800&dpr=2,2025,559,18+,https://www.amazon.fr/LEGO-Star-Wars-Starcruiser-danniversaire/dp/B0DHSCKCZ2/ref=sr_1_2?__mk_fr_FR=%C3%85M%C3%85%C5%BD%C3%95%C3%91&crid=3HTIZ0XR81232&dib=eyJ2IjoiMSJ9.Z4xpvEDRa8GIL5eqj9Y3DO_8ZP2Ij-lT3rrAJg1IqMq_lTWDpOcLc7csQsh0KeuIcYLesq09U_x1IR-0_VyxHz_i0Gz_tADoeakcdijZFSLQa8dVG3Ey6kYPuB_Izb6djDuyVr5M74QwmTGElKdFrriMeSgb9cfNwoEc7oUNPKHPQlZOZZrBRSyCzBbuYqihegcLhfSO7KVmc5SDDf_vvBvyYhQI1lU8OsXGB3StQzNzE_YbgQVl6mNHEYKKuEPf-uDv8DVI0o4Ftoi2eW4FhaHiz_6LR9AZpRYhH5lX7kl8UjWgaOAV6mNwa4aGNRXWPSm0AWlRyhG7SrTGXgOC1y_jegIsA0IG-ydFIDh4JqaLnGpoi7esXplvZJkbGV1w8RzAlSaaaGal5dKaJfpoMRuuwKpvfc8fULEPWVoY9vzkHLx4k5tQQGHJxtqIgjZu.NIg5_w2y-WjPPpiZAqfxaiWPIimdIcocg4FxEVg7jPc&dib_tag=se&keywords=lego+75404&qid=1740504760&sprefix=lego+75404%2Caps%2C97&sr=8-2
75409,Jango Fett's Starship,Le Vaisseau Stellaire de Jango Fett,sw,https://www.lego.com/cdn/cs/set/assets/blt03dba510600032d5/75409_boxprod_v39.png?format=webply&fit=bounds&quality=60&width=800&height=800&dpr=2,2025,2970,18+,
75413,Republic Juggernaut,Juggernaut de la République,sw,https://www.lego.com/cdn/cs/set/assets/blt997e214c290792f9/75413_boxprod_v39_en-gb.png?format=webply&fit=bounds&quality=60&width=800&height=800&dpr=2,2025,813,9+,
75417,AT-ST,TR-TT,sw,https://www.lego.com/cdn/cs/set/assets/bltca30d9f8250ea54f/75417_boxprod_v39_en-gb.png?format=webply&fit=bounds&quality=60&width=800&height=800&dpr=2,2025,1513,18+,https://www.amazon.fr/LEGO-75429-Star-Wars/dp/B0DNZSF2M6/ref=sr_1_2?__mk_fr_FR=%C3%85M%C3%85%C5%BD%C3%95%C3%91&crid=3H268T35FSIBO&dib=eyJ2IjoiMSJ9.Mi77FyP1sQCHHQsbSPhVNkhlQa0McgqtCybzWkhfIPlxBvKUhOct5g6g7uO2MBMtXg1IijXAEN2urxggpyy_LvjXGxh5lmdEQqQGFkyoPYGfHoK8oocfhYDA66O1HiC4F_0J2Db-XvuXpwhFrTgoRKCRo_pe0-3qtOR4Id7tZrswh9IsNb2xZBw0V4o1pB39.mGXFAHevpBxSpUXlDLntnQ3ywHE1RmmUKmgizTxYY30&dib_tag=se&keywords=lego+star+wars+75429&qid=1750327588&sprefix=lego+star+wars+75429%2Caps%2C121&sr=8-2
75428,Battle Droid with STAP,Droïde de Combat avec STAP,sw,https://www.lego.com/cdn/cs/set/assets/blt9c2561b20e6361ab/75428_boxprod_v39_en-gb.png?format=webply&fit=bounds&quality=60&width=800&height=800&dpr=2,2025,1088,12+,https://www.amazon.fr/LEGO-75428-Menace-Fant%C3%B4me-Dro%C3%AFde/dp/B0DWDQ58Y4/ref=sr_1_2?__mk_fr_FR=%C3%85M%C3%85%C5%BD%C3%95%C3%91&crid=17WL74U4EEL8L&dib=eyJ2IjoiMSJ9.Uz5K3XX0Be7kIOSgQOABVW_oB-EDCrRBxDN-eGk5N-LifLd8aNieFgQQqhZhRxxcU6Ecv2U-jK-eLfprmCzrLMn91V3x-hjGJ0GuhbdHvl-ix2m9aKYxNHai7voMM-iFF2G2NZ8qmQrDQ8kwbx1odL3HFpw1YP9qGUZJJFbLGKz-RiJVOACy2qmZePuKRGKMuAcOU_IrK7q0vgQSyAdBjPErXugaDxP8-5LEjNxWcIM_UhO6P2Bd9209tR1GBUZJddVpdKTXiYnb7V5xscfV8ITPKTPfRz2pVXd8BWGzVEA.gEwvjwunOrooAfxkKlLbwuXaDJLmLXXI09f7HiNruGs&dib_tag=se&keywords=lego+75428&qid=1751809878&sprefix=lego+75428%2Caps%2C88&sr=8-2
75429,AT-AT Driver,Casque de Pilote de TB-TT,sw,https://www.lego.com/cdn/cs/set/assets/bltb887e3d6862affea/75429_boxprod_v39_en-gb.png?format=webply&fit=bounds&quality=60&width=800&height=800&dpr=2,2025,730,18+,
75431,327th Star Corps Clone Troopers Battle Pack,Pack de Combat des Clone Troopers de la 327ème,sw,https://www.lego.com/cdn/cs/set/assets/blt81954b8886a6f5f1/75431_boxprod_v39_en-gb.png?format=webply&fit=bounds&quality=60&width=800&height=800&dpr=2,2025,258,7+,
75432,V-19 Torrent Starfighter,Chasseur Stellaire V-19 Torrent,sw,https://www.lego.com/cdn/cs/set/assets/bltdd303f1f941c2e7a/75432_boxprod_v39_en-gb.png?format=webply&fit=bounds&quality=60&width=800&height=800&dpr=2,2025,567,9+,
75433,Jango Fett's Starship,Le Vaisseau Stellaire de Jango Fett,sw,https://www.lego.com/cdn/cs/set/assets/blte3f00dd6ad391b26/75433_boxprod_v39_sha_en-gb.png?format=webply&fit=bounds&quality=60&width=800&height=800&dpr=2,2025,707,9+,
75435,Battle of Felucia Separatist MTT,MTT Séparatiste de la Bataille de Felucia,sw,https://www.lego.com/cdn/cs/set/assets/bltad8314beff1c5b1c/75435_boxprod_v39_en-gb.png?format=webply&fit=bounds&quality=60&width=800&height=800&dpr=2,2025,976,9+,
75532,Scout Trooper & Speeder Bike,Scout Trooper & Motojet,sw,https://www.lego.com/cdn/cs/set/assets/blt6d94e890d2fce16a/75532_alt1.jpg?format=webply&fit=bounds&quality=60&width=800&height=800&dpr=2,2017,452,10 - 14,https://www.amazon.fr/Lego-Star-Wars-Trooper-Construction/dp/B06WVBM8Z2/ref=sr_1_2?__mk_fr_FR=%C3%85M%C3%85%C5%BD%C3%95%C3%91&crid=A5NUKGIB4BQB&dib=eyJ2IjoiMSJ9.50eo3qYky4-7rlqnPS8-jE9r6uQ-2AKN66Kgx20P83g_RJ3O8x9pnfYjDiHRiR6OdTA5VOdLe7FaXOL7ZgoQTcECx6tysuqcV4ud-KaOTdLHVE6iyXDLQ7PQwI1DTKJRKwfMsH1IyUtK-pApbS-M1ZLGqyT4UXyus5AGlBNMemeyB7Fwcd7BcBAlatgwDxXC5d6LuEsC9Af20tVvkPbhaLgYnxR9P4xeaLRZ6aWvIMSKUUOW77vnwPtuMYxvmdatrJT3T_TiXBiAYifce7Nxpdqriu68dW2Ns68oI_SvhYE._dw1QMy7RE3F-Ru4nS2jb8l98crm1PkOQhfudpfCWqs&dib_tag=se&keywords=lego+75532&qid=1750339919&sprefix=lego+75532%2Caps%2C97&sr=8-2